name,brand,2G,3G,4G,5G,Announced,Status,Weight,Length,Width,Diameter,SIM,Display Type,Display Size,PPI,Body Ratio,OS,Battery_capacity,Price,CPU,Ratio,Pixel,WLAN,Colors,Sensors,Bluetooth,GPU,LoudSpeaker,3.5mm jack,Chipset,Network,Internal,Card slot,RAM,Storage
Xperia Arc S,Sony,False,False,False,False,"2011, August. Released 2011, September",Discontinued,117 g (4.13 oz),125,63,8.7 mm (4.92,Mini-SIM,"LED-backlit LCD,","4.2 inches, 48.6 cm2(~61.7% screen-to-body ratio)","480 x 854 pixels, 16:9 ratio (~233 ppi density)",61.7%,"Android 2.3.4 (Gingerbread), 4.0.4 (Ice Cream Sandwich), not upgradable to 4.1 (Jelly Bean)",Removable Li-Po 1500 mAh battery,About 210 EUR,Qualcomm MSM8255T Snapdragon S2,"480 x 854 pixels, 16:9 ratio (~233 ppi density)",233 ppi density),"Wi-Fi 802.11 b/g/n, DLNA, hotspot","Pure White, Midnight Blue, Misty Silver, Gloss Black, Sakura Pink","Accelerometer, proximity, compass","2.1, A2DP, EDR",Adreno 205,True,True,Qualcomm MSM8255T Snapdragon S2,GSM / HSPA,,,"1GB (320MB user available), 512MB RAM","1GB (320MB user available), 512MB RAM"
Xperia neo V,Sony,False,False,False,False,"2011, August. Released 2011, October",Discontinued,126 g (4.44 oz),116,57,13 mm (4.57,Mini-SIM,"LED-backlit LCD,","3.7 inches, 37.7 cm2(~57.1% screen-to-body ratio)","480 x 854 pixels, 16:9 ratio (~265 ppi density)",57.1%,"Android 2.3.4 (Gingerbread), upgradable to 4.0 (Ice Cream Sandwich)",Removable Li-Po 1500 mAh battery,About 150 EUR,Qualcomm MSM8255 Snapdragon S2,"480 x 854 pixels, 16:9 ratio (~265 ppi density)",265 ppi density),"Wi-Fi 802.11 b/g/n, DLNA, hotspot","White, Blue Gradient, Silver","Accelerometer, proximity, compass","2.1, A2DP, EDR",Adreno 205,True,True,Qualcomm MSM8255 Snapdragon S2,GSM / HSPA,,,"1GB (320MB user available), 512MB RAM","1GB (320MB user available), 512MB RAM"
Live with Walkman,Sony,False,False,False,False,"2011, August. Released 2011, October",Discontinued,115 g (4.06 oz),106,56.5,14.2 mm (4.17,Mini-SIM,TFT,"3.2 inches, 30.5 cm2(~50.9% screen-to-body ratio)","320 x 480 pixels, 3:2 ratio (~180 ppi density)",50.9%,"Android 2.3 (Gingerbread), upgradable to 4.0 (Ice Cream Sandwich)",Removable Li-Ion 1200 mAh battery,About 120 EUR,Qualcomm MSM8255 Snapdragon S2,"320 x 480 pixels, 3:2 ratio (~180 ppi density)",180 ppi density),"Wi-Fi 802.11 b/g/n, DLNA, hotspot","Black, White","Accelerometer, proximity, compass","2.1, A2DP, EDR",Adreno 205,False,True,Qualcomm MSM8255 Snapdragon S2,GSM / HSPA,,,320MB 512MB RAM,320MB 512MB RAM
Xperia ray,Sony,False,False,False,False,"2011, June. Released 2011, August",Discontinued,100 g (3.53 oz),111,53,9.4 mm (4.37,Mini-SIM,"LED-backlit LCD,","3.3 inches, 30.0 cm2(~51.0% screen-to-body ratio)","480 x 854 pixels, 16:9 ratio (~297 ppi density)",51.0%,"Android 2.3 (Gingerbread), upgradable to 4.0.4 (Ice Cream Sandwich)",Removable Li-Ion 1500 mAh battery,About 170 EUR,Qualcomm MSM8255 Snapdragon S2,"480 x 854 pixels, 16:9 ratio (~297 ppi density)",297 ppi density),"Wi-Fi 802.11 b/g/n, DLNA, hotspot","Black, Gold, White, Pink","Accelerometer, proximity, compass","2.1, A2DP, EDR",Adreno 205,True,True,Qualcomm MSM8255 Snapdragon S2,GSM / HSPA,,,"1GB (300MB user available), 512MB RAM","1GB (300MB user available), 512MB RAM"
Xperia active,Sony,False,False,False,False,"2011, June. Released 2011, October",Discontinued,110.8 g (3.88 oz),92,55,16.5 mm (3.62,Mini-SIM,"LED-backlit LCD,","3.0 inches, 26.8 cm2(~53.0% screen-to-body ratio)","320 x 480 pixels, 3:2 ratio (~192 ppi density)",53.0%,"Android 2.3 (Gingerbread), upgradable to 4.0 (Ice Cream Sandwich)",Removable Li-Ion 1200 mAh battery,About 170 EUR,Qualcomm MSM8255 Snapdragon S2,"320 x 480 pixels, 3:2 ratio (~192 ppi density)",192 ppi density),"Wi-Fi 802.11 b/g/n, DLNA, hotspot","Orange/Black, White/Black","Accelerometer, proximity, compass","2.1, A2DP, EDR",Adreno 205,True,True,Qualcomm MSM8255 Snapdragon S2,GSM / HSPA,,,"1GB (320MB user available), 512MB RAM","1GB (320MB user available), 512MB RAM"
txt,Sony,False,False,False,False,"2011, June. Released 2011, October",Discontinued,95 g (3.35 oz),106,60,14.5 mm (4.17,,"TFT,  256K colors","2.55 inches, 20.1 cm2(~31.7% screen-to-body ratio)","320 x 240 pixels, 4:3 ratio (~157 ppi density)",31.7%,,Removable Li-Ion 1000 mAh battery,About 60 EUR,,"320 x 240 pixels, 4:3 ratio (~157 ppi density)",157 ppi density),Wi-Fi 802.11 b/g,"Black, Blue, White, Pink",,"2.1, A2DP, EDR",,True,True,,GSM,,,"120MB (100MB user available), 64MB RAM","120MB (100MB user available), 64MB RAM"
Mix Walkman,Sony,False,False,False,False,"2011, June. Released 2011, August",Discontinued,88 g (3.10 oz),95.8,52.8,14.3 mm (3.77,Mini-SIM,"TFT, 256K colors","3.0 inches, 25.6 cm2(~50.6% screen-to-body ratio)","240 x 400 pixels, 5:3 ratio (~155 ppi density)",50.6%,,Removable Li-Ion 1000 mAh battery,About 70 EUR,,"240 x 400 pixels, 5:3 ratio (~155 ppi density)",155 ppi density),Wi-Fi 802.11 b/g,"Black with pink cloud band, Black with pink band, Black with green bird band, Black with green band","Accelerometer, proximity","2.1, A2DP",,True,True,,GSM,,,,
txt pro,Sony,False,False,False,False,"2011, June. Released 2011, July",Discontinued,100 g (3.53 oz),93,52,18 mm (3.66,,"TFT, 256K colors","3.0 inches, 25.6 cm2(~53.0% screen-to-body ratio)","240 x 400 pixels, 5:3 ratio (~155 ppi density)",53.0%,,Removable Li-Ion 1000 mAh battery,About 80 EUR,,"240 x 400 pixels, 5:3 ratio (~155 ppi density)",155 ppi density),Wi-Fi 802.11 b/g,"Black, White, Pink","Accelerometer, proximity","2.1, A2DP",,True,True,,GSM,,,100MB 64MB RAM,100MB 64MB RAM
Xperia mini,Sony,False,False,False,False,"2011, May. Released 2011, August",Discontinued,99 g (3.49 oz),88,52,16 mm (3.46,Mini-SIM,"LED-backlit LCD,","3.0 inches, 26.8 cm2(~58.6% screen-to-body ratio)","320 x 480 pixels, 3:2 ratio (~192 ppi density)",58.6%,"Android 2.3 (Gingerbread), upgradable to 4.0 (Ice Cream Sandwich)",Removable Li-Ion 1200 mAh battery,About 120 EUR,Qualcomm MSM8255 Snapdragon S2,"320 x 480 pixels, 3:2 ratio (~192 ppi density)",192 ppi density),"Wi-Fi 802.11 b/g/n, DLNA, hotspot","Black, White, Blue, Dark pink","Accelerometer, proximity, compass","2.1, A2DP",Adreno 205,True,True,Qualcomm MSM8255 Snapdragon S2,GSM / HSPA,,,"512MB RAM, 320MB","512MB RAM, 320MB"
Xperia mini pro,Sony,False,False,False,False,"2011, May. Released 2011, August",Discontinued,136 g (4.80 oz),92,53,18 mm (3.62,,"LED-backlit LCD,","3.0 inches, 26.8 cm2(~55.0% screen-to-body ratio)","320 x 480 pixels, 3:2 ratio (~192 ppi density)",55.0%,"Android 2.3 (Gingerbread), 4.0 (Ice Cream Sandwich), not upgradable to 4.1 (Jelly Bean)",Removable Li-Ion 1200 mAh battery,About 140 EUR,Qualcomm MSM8255 Snapdragon S2,"320 x 480 pixels, 3:2 ratio (~192 ppi density)",192 ppi density),"Wi-Fi 802.11 b/g/n, DLNA, hotspot","Black, White, Pink, Turquoise","Accelerometer, proximity, compass","2.1, A2DP",Adreno 205,True,True,Qualcomm MSM8255 Snapdragon S2,GSM / HSPA,,,"512MB RAM, 400MB","512MB RAM, 400MB"
WT18i,Sony,False,False,False,False,"2011, May. Released 2011, Q3",Discontinued,110 g (3.88 oz),106,56.5,14.3 mm (4.17,Mini-SIM,TFT,"3.2 inches, 30.5 cm2(~50.9% screen-to-body ratio)","320 x 480 pixels, 3:2 ratio (~180 ppi density)",50.9%,"Android-based, OMS 2.5",Removable Li-Po 1200 mAh battery,About 230 EUR,,"320 x 480 pixels, 3:2 ratio (~180 ppi density)",180 ppi density),Wi-Fi 802.11 b/g/n,"Black, White","Accelerometer, proximity, compass","2.1, A2DP",,True,True,,GSM,,,,
W8,Sony,False,False,False,False,"2011, April. Released 2011, May",Discontinued,104 g (3.67 oz),99,54,15 mm (3.90,Mini-SIM,TFT,"3.0 inches, 26.8 cm2(~50.1% screen-to-body ratio)","320 x 480 pixels, 3:2 ratio (~192 ppi density)",50.1%,Android 2.1 (Eclair),Removable Li-Po 1200 mAh battery,About 100 EUR,Qualcomm MSM7227 Snapdragon S1,"320 x 480 pixels, 3:2 ratio (~192 ppi density)",192 ppi density),Wi-Fi 802.11 b/g,"Azure, Orange, Red","Accelerometer, proximity, compass","2.1, A2DP",Adreno 200,True,True,Qualcomm MSM7227 Snapdragon S1,GSM / HSPA,,,128MB 168MB RAM,128MB 168MB RAM
Xperia PLAY,Sony,False,False,False,False,"2011, February. Released 2011, March",Discontinued,175 g (6.17 oz),119,62,16 mm (4.69,Mini-SIM,"LED-backlit LCD,","4.0 inches, 44.1 cm2(~59.8% screen-to-body ratio)","480 x 854 pixels, 16:9 ratio (~245 ppi density)",59.8%,Android 2.3.4 (Gingerbread),Removable Li-Ion 1500 mAh battery,About 140 EUR,Qualcomm MSM8255 Snapdragon S2,"480 x 854 pixels, 16:9 ratio (~245 ppi density)",245 ppi density),"Wi-Fi 802.11 b/g/n, DLNA, hotspot","Black, White, Stealth Blue (for Play 4G), Orange","Accelerometer, proximity, compass","2.1, A2DP, EDR",Adreno 205,False,True,Qualcomm MSM8255 Snapdragon S2,GSM / HSPA,,,400MB 512MB RAM,400MB 512MB RAM
Xperia pro,Sony,False,False,False,False,"2011, February. Released  2011, October",Discontinued,142 g (5.01 oz),120,57,15.3 mm (4.72,,"LED-backlit LCD,","3.7 inches, 37.7 cm2(~55.2% screen-to-body ratio)","480 x 854 pixels, 16:9 ratio (~265 ppi density)",55.2%,"Android 2.3 (Gingerbread), upgradable to 4.0 (Ice Cream Sandwich)",Removable Li-Po 1500 mAh battery,About 190 EUR,Qualcomm MSM8255 Snapdragon S2,"480 x 854 pixels, 16:9 ratio (~265 ppi density)",265 ppi density),"Wi-Fi 802.11 b/g/n, DLNA, hotspot","Black, Silver, Red","Accelerometer, proximity","2.1, A2DP",Adreno 205,True,True,Qualcomm MSM8255 Snapdragon S2,GSM / HSPA,,,"1GB (320MB user available), 512MB RAM","1GB (320MB user available), 512MB RAM"
Xperia Neo,Sony,False,False,False,False,"2011, February. Released 2011, March",Discontinued,126 g (4.44 oz),116,57,13 mm (4.57,Mini-SIM,"LED-backlit LCD,","3.7 inches, 37.7 cm2(~57.1% screen-to-body ratio)","480 x 854 pixels, 16:9 ratio (~265 ppi density)",57.1%,"Android 2.3.4 (Gingerbread), upgradable to 4.0 (Ice Cream Sandwich)",Removable Li-Ion 1500 mAh battery,About 110 EUR,Qualcomm MSM8255 Snapdragon S2,"480 x 854 pixels, 16:9 ratio (~265 ppi density)",265 ppi density),"Wi-Fi 802.11 b/g/n, DLNA, hotspot","Blue Gradient, Red, Silver","Accelerometer, proximity, compass","2.1, A2DP",Adreno 205,True,True,Qualcomm MSM8255 Snapdragon S2,GSM / HSPA,,,320MB 512MB RAM,320MB 512MB RAM
Xperia Arc,Sony,False,False,False,False,"2011, January. Released 2011, March",Discontinued,117 g (4.13 oz),125,63,8.7 mm (4.92,Mini-SIM,"LED-backlit LCD,","4.2 inches, 48.6 cm2(~61.7% screen-to-body ratio)","480 x 854 pixels, 16:9 ratio (~233 ppi density)",61.7%,"Android 2.3 (Gingerbread), upgradable to 4.0 (Ice Cream Sandwich)",Removable Li-Po 1500 mAh battery,About 180 EUR,Qualcomm MSM8255 Snapdragon S2,"480 x 854 pixels, 16:9 ratio (~233 ppi density)",233 ppi density),"Wi-Fi 802.11 b/g/n, DLNA, hotspot","Midnight Blue, Misty Silver","Accelerometer, proximity, compass","2.1, A2DP",Adreno 205,True,True,Qualcomm MSM8255 Snapdragon S2,GSM / HSPA,,,320MB 512MB RAM,320MB 512MB RAM
Xperia PLAY CDMA,Sony,False,False,False,False,"2011, February. Released 2011, May",Discontinued,175 g (6.17 oz),119,62,16 mm (4.69,Mini-SIM,"LED-backlit LCD,","4.0 inches, 44.1 cm2(~59.8% screen-to-body ratio)","480 x 854 pixels, 16:9 ratio (~245 ppi density)",59.8%,Android 2.3.4 (Gingerbread),Removable Li-Ion 1500 mAh battery,About 70 EUR,Qualcomm MSM8255 Snapdragon S2,"480 x 854 pixels, 16:9 ratio (~245 ppi density)",245 ppi density),"Wi-Fi 802.11 b/g/n, DLNA, hotspot","Black, White","Accelerometer, proximity, compass","2.1, A2DP",Adreno 205,False,True,Qualcomm MSM8255 Snapdragon S2,CDMA / EVDO,,,400MB 512MB RAM,400MB 512MB RAM
A8i,Sony,False,False,False,False,"2010, August. Released 2010, Q4",Discontinued,136 g (4.80 oz),117,59,14 mm (4.61,Mini-SIM,"TFT,  256K colors","3.5 inches, 33.8 cm2(~48.9% screen-to-body ratio)","480 x 854 pixels, 16:9 ratio (~280 ppi density)",48.9%,Android-based OPhone 2.0,Removable Li-Po battery,About 130 EUR,,"480 x 854 pixels, 16:9 ratio (~280 ppi density)",280 ppi density),Wi-Fi 802.11 b/g,"White, Black","Accelerometer, proximity, compass","2.1, A2DP",,True,True,,GSM,,,,
Xperia X8,Sony,False,False,False,False,"2010, June. Released 2010, September",Discontinued,104 g (3.67 oz),99,54,15 mm (3.90,Mini-SIM,TFT,"3.0 inches, 26.8 cm2(~50.1% screen-to-body ratio)","320 x 480 pixels, 3:2 ratio (~192 ppi density)",50.1%,"Android 1.6 (Donut), upgradable to 2.1 (Eclair)",Removable Li-Po 1200 mAh battery,About 100 EUR,Qualcomm MSM7227 Snapdragon S1,"320 x 480 pixels, 3:2 ratio (~192 ppi density)",192 ppi density),Wi-Fi 802.11 b/g,"White, Dark Blue/ White, Aqua Blue/ White, Pink/ White, Silver/ White","Accelerometer, proximity, compass","2.1, A2DP",Adreno 200,True,True,Qualcomm MSM7227 Snapdragon S1,GSM / HSPA,,,128MB 168MB RAM,128MB 168MB RAM
Cedar,Sony,False,False,False,False,"2010, June. Released 2010, September",Discontinued,84 g (2.96 oz),111,49,15.5 mm (4.37,Mini-SIM,"TFT, 256K colors","2.2 inches, 15.0 cm2(~27.6% screen-to-body ratio)","240 x 320 pixels, 4:3 ratio (~182 ppi density)",27.6%,,Removable Li-Po 1000 mAh battery (BST-43),About 50 EUR,,"240 x 320 pixels, 4:3 ratio (~182 ppi density)",182 ppi density),No,"Black/Silver, Black/Red",,"2.1, A2DP",,True,True,,GSM / HSPA,,,,
Yendo,Sony,False,False,False,False,"2010, June. Released 2010, October",Discontinued,81 g (2.86 oz),93.5,52,15.5 mm (3.68,Mini-SIM,"TFT, 256K colors","2.6 inches, 20.9 cm2(~43.1% screen-to-body ratio)","240 x 320 pixels, 4:3 ratio (~154 ppi density)",43.1%,,Removable Li-Po 970 mAh battery (BST-38),About 70 EUR,,"240 x 320 pixels, 4:3 ratio (~154 ppi density)",154 ppi density),No,"Black, Blue, Green, Orange, Pink, Purple, Red, Silver, White, Yellow",,"2.1, A2DP",,True,True,,GSM,,,,
BRAVIA S004,Sony,False,False,False,False,"2010, May. Released 2010, Q3",Discontinued,145 g (5.11 oz),111,51,18 mm (4.37,Mini-SIM,"TFT, 16M colors","3.2 inches, 28.2 cm2(~49.8% screen-to-body ratio)","480 x 854 pixels, 16:9 ratio (~306 ppi density)",49.8%,,Removable Li-Po 930 mAh battery,About 210 EUR,Qualcomm QSD8250 Snapdragon S1,"480 x 854 pixels, 16:9 ratio (~306 ppi density)",306 ppi density),Wi-Fi 802.11 b/g (via external Wi-Fi WIN card),"Black, Red, Silver",Accelerometer,"2.0, A2DP",Adreno 200,True,False,Qualcomm QSD8250 Snapdragon S1,GSM,,,,
S003,Sony,False,False,False,False,"2010, May. Released 2010, Q3",Discontinued,154 g (5.43 oz),118,52,17.6 mm (4.65,Mini-SIM,"TFT, 26M colors","3.2 inches, 28.2 cm2(~46.0% screen-to-body ratio)","480 x 854 pixels, 16:9 ratio (~306 ppi density)",46.0%,,Removable Li-Po 870 mAh battery,About 160 EUR,Qualcomm QSD8250 Snapdragon S1,"480 x 854 pixels, 16:9 ratio (~306 ppi density)",306 ppi density),No,Pink,Accelerometer,"2.0, A2DP",Adreno 200,True,False,Qualcomm QSD8250 Snapdragon S1,GSM,,,,
Zylo,Sony,False,False,False,False,"2010, April. Released 2010, July",Discontinued,115 g (4.06 oz),103,52,16 mm (4.06,Mini-SIM,"TFT, 256K colors","2.6 inches, 20.9 cm2(~39.1% screen-to-body ratio)","240 x 320 pixels, 4:3 ratio (~154 ppi density)",39.1%,,Removable Li-Ion battery,About 80 EUR,,"240 x 320 pixels, 4:3 ratio (~154 ppi density)",154 ppi density),No,"Jazz Black, Chacha Silver, Swing Pink, Energetic Black, Meteorite White, Nebula Red",Accelerometer,"2.1, A2DP",,True,False,,GSM / HSPA,,,,
Spiro,Sony,False,False,False,False,"2010, April. Released 2010, August",Discontinued,90 g (3.17 oz),92,48,16.8 mm (3.62,Mini-SIM,"TFT, 256K colors","2.2 inches, 15.0 cm2(~33.9% screen-to-body ratio)","240 x 320 pixels, 4:3 ratio (~182 ppi density)",33.9%,,Removable Li-Ion battery,About 80 EUR,,"240 x 320 pixels, 4:3 ratio (~182 ppi density)",182 ppi density),No,"Contrast Black, Sunset Pink, Spring Green, Stealth Black",,"2.1, A2DP",,True,True,,GSM,,,,
Xperia X10 mini pro,Sony,False,False,False,False,"2010, February. Released 2010, June",Discontinued,120 g (4.23 oz),90,52,17 mm (3.54,,TFT  (65K effective),"2.55 inches, 20.1 cm2(~43.0% screen-to-body ratio)","240 x 320 pixels, 4:3 ratio (~157 ppi density)",43.0%,"Android 1.6 (Donut), upgradable to 2.1 (Eclair)",Removable Li-Po 930 mAh battery,About 70 EUR,Qualcomm MSM7227 Snapdragon S1,"240 x 320 pixels, 4:3 ratio (~157 ppi density)",157 ppi density),"Wi-Fi 802.11 b/g, hotspot (v2.2 or higher)","Black, Red, Pink","Accelerometer, proximity, compass","2.1, A2DP",Adreno 200,True,True,Qualcomm MSM7227 Snapdragon S1,GSM / HSPA,,,,
Xperia X10 mini,Sony,False,False,False,False,"2010, February. Released 2010, May",Discontinued,88 g (3.10 oz),83,50,16 mm (3.27,Mini-SIM,TFT  (65K effective),"2.55 inches, 20.1 cm2(~48.5% screen-to-body ratio)","240 x 320 pixels, 4:3 ratio (~157 ppi density)",48.5%,"Android 1.6 (Donut), upgradable to 2.1 (Eclair)",Non-removable Li-Po 950 mAh battery,About 70 EUR,Qualcomm MSM7227 Snapdragon S1,"240 x 320 pixels, 4:3 ratio (~157 ppi density)",157 ppi density),"Wi-Fi 802.11 b/g, hotspot (v2.2 or higher)","Gold, Pearl White, Black, Pink, Lime, Red, Silver","Accelerometer, proximity, compass","2.0, A2DP, EDR",Adreno 200,True,True,Qualcomm MSM7227 Snapdragon S1,GSM / HSPA,,,,
Vivaz pro,Sony,False,False,False,False,"2010, February. Released 2010, May",Discontinued,117 g (4.13 oz),109,52,15 mm (4.29,,"TFT resistive touchscreen, 16M colors","3.2 inches, 28.2 cm2(~49.8% screen-to-body ratio)","360 x 640 pixels, 16:9 ratio (~229 ppi density)",49.8%,"Symbian Series 60, 5th edition",Removable Li-Po 1200 mAh battery,About 150 EUR,,"360 x 640 pixels, 16:9 ratio (~229 ppi density)",229 ppi density),"Wi-Fi 802.11 b/g, DLNA","Black, White",Accelerometer,"2.1, A2DP",,True,True,,GSM / HSPA,,,,
Aspen,Sony,False,False,False,False,"2010, February. Released 2010, July",Discontinued,130 g (4.59 oz),117,60,12.5 mm (4.61,,"TFT resistive touchscreen, 65K colors","2.4 inches, 17.8 cm2(~25.4% screen-to-body ratio)","320 x 240 pixels, 4:3 ratio (~167 ppi density)",25.4%,Microsoft Windows Mobile 6.5.3 Professional,Removable Li-Po 1500 mAh battery,About 70 EUR,Qualcomm MSM7227 Snapdragon S1,"320 x 240 pixels, 4:3 ratio (~167 ppi density)",167 ppi density),Wi-Fi 802.11 b/g,"Iconic Black, White Silver",,"2.1, A2DP",Adreno 200,True,True,Qualcomm MSM7227 Snapdragon S1,GSM / HSPA,,,"256MB RAM, 256MB ROM, 100MB","256MB RAM, 256MB ROM, 100MB"
Vivaz,Sony,False,False,False,False,"2010, January. Released 2010, March",Discontinued,97 g (3.42 oz),107,51.7,12.5 mm (4.21,Mini-SIM,"TFT resistive touchscreen, 16M colors","3.2 inches, 28.2 cm2(~51.0% screen-to-body ratio)","360 x 640 pixels, 16:9 ratio (~229 ppi density)",51.0%,"Symbian Series 60, 5th edition",Removable Li-Po 1200 mAh battery,About 80 EUR,,"360 x 640 pixels, 16:9 ratio (~229 ppi density)",229 ppi density),"Wi-Fi 802.11 b/g, DLNA","Pink, Silver Moon, Cosmic Black, Galaxy Blue, Venus Ruby",Accelerometer,"2.1, A2DP",,True,True,,GSM / HSPA,,,,
Hazel,Sony,False,False,False,False,"2009, December. Released 2010, May",Discontinued,120 g (4.23 oz),102,49.5,16 mm (4.02,Mini-SIM,"TFT, 16M colors","2.6 inches, 20.9 cm2(~41.5% screen-to-body ratio)","240 x 320 pixels, 4:3 ratio (~154 ppi density)",41.5%,,Removable Li-Po 1000 mAh battery (BST-43),About 110 EUR,,"240 x 320 pixels, 4:3 ratio (~154 ppi density)",154 ppi density),"Wi-Fi 802.11 b/g, DLNA","Superior Black, Passionate Rouge",Accelerometer,"2.1, A2DP",,True,False,,GSM / HSPA,,,,
Elm,Sony,False,False,False,False,"2009, December. Released 2010, March",Discontinued,90 g (3.17 oz),110,45,14 mm (4.33,Mini-SIM,"TFT, 256K colors","2.2 inches, 15.0 cm2(~30.3% screen-to-body ratio)","240 x 320 pixels, 4:3 ratio (~182 ppi density)",30.3%,,Removable Li-Po 1000 mAh battery (BST-43),About 100 EUR,,"240 x 320 pixels, 4:3 ratio (~182 ppi density)",182 ppi density),"Wi-Fi 802.11 b/g, DLNA","Metal Black, Pearly Rose",Accelerometer,"2.1, A2DP, EDR",,True,False,,GSM / HSPA,,,,
Xperia Pureness,Sony,False,False,False,False,"2009, November. Released 2009, November",Discontinued,70 g (2.47 oz),102,43,13 mm (4.02,Mini-SIM,"Transparent, monochrome","1.8 inches, 10.0 cm2(~22.9% screen-to-body ratio)","240 x 320 pixels, 4:3 ratio (~222 ppi density)",22.9%,,Non-removable Li-Po battery,About 240 EUR,,"240 x 320 pixels, 4:3 ratio (~222 ppi density)",222 ppi density),No,Black,,"2.1, A2DP",,True,False,,GSM / HSPA,,,,
Xperia X10,Sony,False,False,False,False,"2009, November. Released 2010, March",Discontinued,135 g (4.76 oz),119,63,13 mm (4.69,Mini-SIM,"TFT, 65K colors","4.0 inches, 44.1 cm2(~58.8% screen-to-body ratio)","480 x 854 pixels, 16:9 ratio (~245 ppi density)",58.8%,"Android 1.6 (Donut), upgradable to 2.3 (Gingerbread)",Removable Li-Po 1500 mAh battery (BST-41),About 120 EUR,Qualcomm QSD8250 Snapdragon S1,"480 x 854 pixels, 16:9 ratio (~245 ppi density)",245 ppi density),"Wi-Fi 802.11 b/g, DLNA, hotspot","Sensous Black, Luster White","Accelerometer, proximity, compass","2.1, A2DP",Adreno 200,True,True,Qualcomm QSD8250 Snapdragon S1,GSM / HSPA,,,1GB 384MB RAM,1GB 384MB RAM
Xperia X2,Sony,False,False,False,False,"2009, September. Released 2010, January",Discontinued,155 g (5.47 oz),110,54,16 mm (4.33,,"TFT resistive touchscreen, 65K colors","3.2 inches, 29.1 cm2(~49.1% screen-to-body ratio)","480 x 800 pixels, 5:3 ratio (~292 ppi density)",49.1%,Microsoft Windows Mobile 6.5/6.5.2 Professional,Removable Li-Po 1500 mAh battery (BST-41),About 140 EUR,Qualcomm MSM7200A,"480 x 800 pixels, 5:3 ratio (~292 ppi density)",292 ppi density),"Wi-Fi 802.11b/g, DLNA","Elegant Black, Modern Silver",Accelerometer,"2.1, A2DP",Adreno 130,False,True,Qualcomm MSM7200A,GSM / HSPA,,,110MB 256MB RAM 512MB ROM,110MB 256MB RAM 512MB ROM
Jalou D&G edition,Sony,False,False,False,False,"2009, August. Released 2009, November",Discontinued,84 g (2.96 oz),73,45,18.2 mm (2.87,Mini-SIM,"TFT, 256K colors","2.0 inches, 12.4 cm2(~37.7% screen-to-body ratio)","240 x 320 pixels, 4:3 ratio (~200 ppi density)",37.7%,,Removable Li-Ion battery,About 130 EUR,,"240 x 320 pixels, 4:3 ratio (~200 ppi density)",200 ppi density),No,Sparkling Rose,Accelerometer,"2.0, A2DP",,True,False,,GSM / HSPA,,,,
Jalou,Sony,False,False,False,False,"2009, August. Released 2009, October",Discontinued,84 g (2.96 oz),73,45,18.2 mm (2.87,Mini-SIM,"TFT, 256K colors","2.0 inches, 12.4 cm2(~37.7% screen-to-body ratio)","240 x 320 pixels, 4:3 ratio (~200 ppi density)",37.7%,,Removable Li-Ion battery,About 130 EUR,,"240 x 320 pixels, 4:3 ratio (~200 ppi density)",200 ppi density),No,"Onyx Black, Deep Amethyst, Aquamarine Blue",Accelerometer,"2.0, A2DP",,True,False,,GSM / HSPA,,,,
T715,Sony,False,False,False,False,"2009, June. Released 2009, September",Discontinued,96 g (3.39 oz),91.5,48,14.9 mm (3.60,Mini-SIM,"TFT, 16M colors","2.2 inches, 15.0 cm2(~34.1% screen-to-body ratio)","240 x 320 pixels, 4:3 ratio (~182 ppi density)",34.1%,,Removable Li-Po 950 mAh battery (BST-33),About 130 EUR,,"240 x 320 pixels, 4:3 ratio (~182 ppi density)",182 ppi density),No,"Galaxy Silver, Rouge Pink",,"2.0, A2DP",,True,False,,GSM / HSPA,,,,
C901 GreenHeart,Sony,False,False,False,False,"2009, May. Released 2009, July",Discontinued,107 g (3.77 oz),105,45,13 mm (4.13,Mini-SIM,"TFT, 256K colors","2.2 inches, 15.0 cm2(~31.7% screen-to-body ratio)","240 x 320 pixels, 4:3 ratio (~182 ppi density)",31.7%,,Removable Li-Po 950 mAh battery (BST-33),About 120 EUR,,"240 x 320 pixels, 4:3 ratio (~182 ppi density)",182 ppi density),No,Ocean White,Accelerometer,"2.0, A2DP",,True,False,,GSM / HSPA,,,,
J105 Naite,Sony,False,False,False,False,"2009, May. Released 2009, October",Discontinued,84 g (2.96 oz),108,47,12.6 mm (4.25,Mini-SIM,"TFT, 256K colors","2.2 inches, 15.0 cm2(~29.5% screen-to-body ratio)","240 x 320 pixels, 4:3 ratio (~182 ppi density)",29.5%,,Removable Li-Po 950 mAh battery (BST-33),About 80 EUR,,"240 x 320 pixels, 4:3 ratio (~182 ppi density)",182 ppi density),No,"Vapour Silver, Ginger Red",,"2.0, A2DP",,True,False,,GSM / HSPA,,,,
Satio (Idou),Sony,False,False,False,False,"2009, February. Released 2009, October",Discontinued,126 g (4.44 oz),112,55,13 mm (4.41,Mini-SIM,"TFT resistive touchscreen, 16M colors","3.5 inches, 33.8 cm2(~54.8% screen-to-body ratio)","360 x 640 pixels, 16:9 ratio (~210 ppi density)",54.8%,"Symbian 9.4, Series 60 rel. 5",Removable Li-Po 1000 mAh battery,About 180 EUR,,"360 x 640 pixels, 16:9 ratio (~210 ppi density)",210 ppi density),"Wi-Fi 802.11 b/g, DLNA","Black, Silver, Bordeaux","Accelerometer, proximity","2.0, A2DP",PowerVR SGX,True,False,,GSM / HSPA,,,128MB; 256MB RAM,128MB; 256MB RAM
Aino,Sony,False,False,False,False,"2009, May. Released 2009, October",Discontinued,134 g (4.73 oz),104,50,15.5 mm (4.09,Mini-SIM,TFT,"3.0 inches, 24.6 cm2(~47.4% screen-to-body ratio)",240 x 432 pixels (~165 ppi density),47.4%,,Removable Li-Po 1000 mAh battery,About 120 EUR,,240 x 432 pixels (~165 ppi density),165 ppi density),"Wi-Fi 802.11 b/g, DLNA","Obsidian Black, Luminous White",Accelerometer,"2.1, A2DP",,False,False,,GSM / HSPA,,,,
Yari,Sony,False,False,False,False,"2009, May. Released 2009, September",Discontinued,115 g (4.06 oz),100,48,15.7 mm (3.94,Mini-SIM,"TFT, 16M colors","2.4 inches, 17.8 cm2(~37.2% screen-to-body ratio)","240 x 320 pixels, 4:3 ratio (~167 ppi density)",37.2%,,Removable Li-Po 1000 mAh battery,About 120 EUR,,"240 x 320 pixels, 4:3 ratio (~167 ppi density)",167 ppi density),No,"Achromatic Black, Cranberry White, Metal Rose",Accelerometer,"2.0, A2DP",,False,False,,GSM / HSPA,,,,
S312,Sony,False,False,False,False,"2009, April. Released 2009, June",Discontinued,80.1 g (2.82 oz),100,46,12.5 mm (3.94,Mini-SIM,"TFT, 256K colors","2.0 inches, 12.6 cm2(~27.4% screen-to-body ratio)",176 x 220 pixels (~141 ppi density),27.4%,,Removable Li-Po 930 mAh battery (BST-38),About 80 EUR,,176 x 220 pixels (~141 ppi density),141 ppi density),No,"Dawn Blue, Honey Silver",,"2.0, A2DP",,True,False,,GSM,,,,
W205,Sony,False,False,False,False,"2009, March. Released 2009, July",Discontinued,96 g (3.39 oz),92,47,16.4 mm (3.62,Mini-SIM,"TFT, 65K colors","1.8 inches, 10.2 cm2(~23.6% screen-to-body ratio)",128 x 160 pixels (~114 ppi density),23.6%,,Removable Li-Ion battery,About 80 EUR,,128 x 160 pixels (~114 ppi density),114 ppi density),No,"Ambient Black, Sakura Pink, Windy Blue",,2.0,,True,False,,GSM,,,,
T707,Sony,False,False,False,False,"2009, March. Released 2009, May",Discontinued,95 g (3.35 oz),93,50,14.1 mm (3.66,Mini-SIM,"TFT, 256K colors","2.2 inches, 15.0 cm2(~32.2% screen-to-body ratio)","240 x 320 pixels, 4:3 ratio (~182 ppi density)",32.2%,,Removable Li-Ion battery,About 110 EUR,,"240 x 320 pixels, 4:3 ratio (~182 ppi density)",182 ppi density),No,"Mysterious Black, Spring Rose, Lucid Blue, Lime Forest, Sensitive Bronze",,"2.0, A2DP",,True,False,,GSM / HSPA,,,,
W995,Sony,False,False,False,False,"2009, February. Released 2009, May",Discontinued,113 g (3.99 oz),97,49,15 mm (3.82,Mini-SIM,"TFT, 256K colors","2.6 inches, 20.9 cm2(~44.0% screen-to-body ratio)","240 x 320 pixels, 4:3 ratio (~154 ppi density)",44.0%,,Removable Li-Po 930 mAh battery (BST-38),About 100 EUR,,"240 x 320 pixels, 4:3 ratio (~154 ppi density)",154 ppi density),"Wi-Fi 802.11 b/g, DLNA","Progressive Black, Cosmic Silver, Energetic Red",Accelerometer,"2.0, A2DP",,False,True,,GSM / HSPA,,,,
C903,Sony,False,False,False,False,"2009, February. Released 2009, July",Discontinued,96 g (3.39 oz),97,49,16 mm (3.82,Mini-SIM,"TFT, 256K colors","2.4 inches, 17.8 cm2(~37.5% screen-to-body ratio)","240 x 320 pixels, 4:3 ratio (~167 ppi density)",37.5%,,Removable Li-Po 1000 mAh battery,About 110 EUR,,"240 x 320 pixels, 4:3 ratio (~167 ppi density)",167 ppi density),No,"Lacquer Black, Techno White, Glamour Red, Metal Pink, Warm Silver",Accelerometer,"2.0, A2DP",,True,False,,GSM / HSPA,,,,
C901,Sony,False,False,False,False,"2009, February. Released 2009, May",Discontinued,107 g (3.77 oz),105,45,13 mm (4.13,Mini-SIM,"TFT, 256K colors","2.2 inches, 15.0 cm2(~31.7% screen-to-body ratio)","240 x 320 pixels, 4:3 ratio (~182 ppi density)",31.7%,,Removable Li-Po 950 mAh battery,About 110 EUR,,"240 x 320 pixels, 4:3 ratio (~182 ppi density)",182 ppi density),No,"Noble Black, Sincere Silver, Precious Peach",Accelerometer,"2.0, A2DP",,True,False,,GSM / HSPA,,,,
W395,Sony,False,False,False,False,"2009, February. Released 2009, March",Discontinued,96 g (3.39 oz),96,47,14.9 mm (3.78,Mini-SIM,"TFT, 256K colors","2.0 inches, 12.6 cm2(~27.9% screen-to-body ratio)",176 x 220 pixels (~141 ppi density),27.9%,,Removable Li-Ion 950 mAh battery,About 80 EUR,,176 x 220 pixels (~141 ppi density),141 ppi density),No,"Dusky Grey, Blush Titanium, Fiesta Black, Happy Pink",,"2.0, A2DP",,False,False,,GSM,,,,
C510,Sony,False,False,False,False,"2009, January. Released 2009, February",Discontinued,92 g (3.25 oz),107,47,12.5 mm (4.21,Mini-SIM,"TFT, 256K colors","2.2 inches, 15.0 cm2(~29.8% screen-to-body ratio)","240 x 320 pixels, 4:3 ratio (~182 ppi density)",29.8%,,Removable Li-Po 930 mAh battery,About 110 EUR,,"240 x 320 pixels, 4:3 ratio (~182 ppi density)",182 ppi density),No,"Future Black, Radiation Silver, Energetic Red",Accelerometer,"2.0, A2DP",,True,False,,GSM / HSPA,,,,
W508,Sony,False,False,False,False,"2009, January. Released 2009, May",Discontinued,98 g (3.46 oz),93.5,50,14 mm (3.68,Mini-SIM,"TFT, 256K colors","2.2 inches, 15.0 cm2(~32.1% screen-to-body ratio)","240 x 320 pixels, 4:3 ratio (~182 ppi density)",32.1%,,Removable Li-Po 930 mAh battery,About 100 EUR,,"240 x 320 pixels, 4:3 ratio (~182 ppi density)",182 ppi density),No,"Metal Grey, Poetic White",Accelerometer,"2.0, A2DP",,True,False,,GSM / HSPA,,,,
W715,Sony,False,False,False,False,"2009, January. Released 2009, June",Discontinued,98 g (3.46 oz),95,47.5,14.3 mm (3.74,Mini-SIM,"TFT, 256K colors","2.4 inches, 17.8 cm2(~39.5% screen-to-body ratio)","240 x 320 pixels, 4:3 ratio (~167 ppi density)",39.5%,,Removable Li-Ion 1000 mAh battery,About 120 EUR,,"240 x 320 pixels, 4:3 ratio (~167 ppi density)",167 ppi density),"Wi-Fi 802.11 b/g, DLNA","Galactic Black, Luxury Silver",Accelerometer,"2.0, A2DP",,True,False,,GSM / HSPA,,,,
W705,Sony,False,False,False,False,"2008, October. Released 2009, March",Discontinued,98 g (3.46 oz),95,47.5,14.3 mm (3.74,Mini-SIM,"TFT, 256K colors","2.4 inches, 17.8 cm2(~39.5% screen-to-body ratio)","240 x 320 pixels, 4:3 ratio (~167 ppi density)",39.5%,,Removable Li-Po 950 mAh battery,About 160 EUR,,"240 x 320 pixels, 4:3 ratio (~167 ppi density)",167 ppi density),"Wi-Fi 802.11 b/g, DLNA","Luxury Silver, Passionate Red",Accelerometer,"2.0, A2DP",,True,False,,GSM / HSPA,,,,
G705,Sony,False,False,False,False,"2008, September. Released 2008, November",Discontinued,98 g (3.46 oz),95,47,14.3 mm (3.74,Mini-SIM,"TFT, 256K colors","2.4 inches, 17.8 cm2(~39.9% screen-to-body ratio)","240 x 320 pixels, 4:3 ratio (~167 ppi density)",39.9%,,Removable Li-Po 950 mAh battery (BST-33),About 150 EUR,,"240 x 320 pixels, 4:3 ratio (~167 ppi density)",167 ppi density),"Wi-Fi 802.11 b/g, DLNA","Silky Gold, Majestic Black",Accelerometer,"2.0, A2DP",,True,False,,GSM / HSPA,,,,
TM506,Sony,False,False,False,False,"2008, August. Released 2008, September",Discontinued,96 g (3.39 oz),95,48,17 mm (3.74,Mini-SIM,"TFT, 256K colors","2.0 inches, 12.4 cm2(~27.2% screen-to-body ratio)","240 x 320 pixels, 4:3 ratio (~200 ppi density)",27.2%,,Removable Li-Po 950 mAh battery,About 80 EUR,,"240 x 320 pixels, 4:3 ratio (~200 ppi density)",200 ppi density),No,"Chrome with Amber, Emerald, Scarlet",,"2.0, A2DP",,True,False,,GSM / HSPA,,,,
T700,Sony,False,False,False,False,"2008, August. Released 2008, September",Discontinued,78 g (2.75 oz),104,48,10 mm (4.09,Mini-SIM,"TFT, 256K colors","2.0 inches, 12.4 cm2(~24.8% screen-to-body ratio)","240 x 320 pixels, 4:3 ratio (~200 ppi density)",24.8%,,Removable Li-Po 950 mAh battery (BST-33),About 130 EUR,,"240 x 320 pixels, 4:3 ratio (~200 ppi density)",200 ppi density),No,"Black on Silver, Black on Red, Silver, Black, Red on Silver",,"2.0, A2DP",,True,False,,GSM / HSPA,,,,
W902,Sony,False,False,False,False,"2008, July. Released 2008, October",Discontinued,99.8 g (3.49 oz),110,49,11.7 mm (4.33,Mini-SIM,"TFT, 256K colors","2.2 inches, 15.0 cm2(~27.8% screen-to-body ratio)","240 x 320 pixels, 4:3 ratio (~182 ppi density)",27.8%,,Removable Li-Ion 930 mAh battery,About 180 EUR,,"240 x 320 pixels, 4:3 ratio (~182 ppi density)",182 ppi density),No,"Volcanic Black, Wine Red, Earth Green",Accelerometer,"2.0, A2DP",,True,False,,GSM / HSPA,,,,
W595,Sony,False,False,False,False,"2008, July. Released 2008, September",Discontinued,104 g (3.67 oz),100,47,14 mm (3.94,Mini-SIM,"TFT, 256K colors","2.2 inches, 15.0 cm2(~31.9% screen-to-body ratio)","240 x 320 pixels, 4:3 ratio (~182 ppi density)",31.9%,,Removable Li-Ion 950 mAh battery (BST-33),About 120 EUR,,"240 x 320 pixels, 4:3 ratio (~182 ppi density)",182 ppi density),No,"Jungle Grey, Lava Black, Ruby Black, Cosmopolitan White, Active Blue, Peachy Pink, Sandy Gold",Accelerometer,"2.0, A2DP",,False,False,,GSM / HSPA,,,,
W595s,Sony,False,False,False,False,"2008, July. Released 2008, September",Discontinued,105 g (3.70 oz),100,47,14 mm (3.94,Mini-SIM,"TFT, 256K colors","2.2 inches, 15.0 cm2(~31.9% screen-to-body ratio)","240 x 320 pixels, 4:3 ratio (~182 ppi density)",31.9%,,Removable Li-Po 950 mAh battery,About 150 EUR,,"240 x 320 pixels, 4:3 ratio (~182 ppi density)",182 ppi density),No,Dusty Blue,Accelerometer,"2.0, A2DP",,False,False,,GSM / HSPA,,,,
W302,Sony,False,False,False,False,"2008, July. Released 2008, October",Discontinued,78 g (2.75 oz),100,46,10.5 mm (3.94,Mini-SIM,"TFT, 256K colors","2.0 inches, 12.6 cm2(~27.4% screen-to-body ratio)",176 x 220 pixels (~141 ppi density),27.4%,,Removable Li-Po 950 mAh battery,About 80 EUR,,176 x 220 pixels (~141 ppi density),141 ppi density),No,"Midnight Black, Sparkling White, Indigo Blue",,"2.0, A2DP",,True,False,,GSM,,,,
C905,Sony,False,False,False,False,"2008, June. Released 2008, October",Discontinued,136 g (4.80 oz),104,49,18-19.5 mm,Mini-SIM,"TFT, 256K colors","2.4 inches, 17.8 cm2(~35.0% screen-to-body ratio)","240 x 320 pixels, 4:3 ratio (~167 ppi density)",35.0%,,Removable Li-Po 930 mAh battery (BST-38),About 180 EUR,,"240 x 320 pixels, 4:3 ratio (~167 ppi density)",167 ppi density),"Wi-Fi 802.11 b/g, DLNA","Night Black, Ice Silver, Copper Gold, Tender Rose",Accelerometer,"2.0, A2DP",,True,False,,GSM / HSPA,,,,
S302,Sony,False,False,False,False,"2008, June. Released 2008, December",Discontinued,79 g (2.79 oz),101,46,12 mm (3.98,Mini-SIM,"TFT, 256K colors","2.0 inches, 12.6 cm2(~27.1% screen-to-body ratio)",176 x 220 pixels (~141 ppi density),27.1%,,Removable Li-Po 950 mAh battery,About 70 EUR,,176 x 220 pixels (~141 ppi density),141 ppi density),No,"Thunder Grey, Crystal Blue",,"2.0, A2DP",,True,False,,GSM,,,,
F305,Sony,False,False,False,False,"2008, June. Released 2008, November",Discontinued,97.5 g (3.46 oz),96,47,14.6 mm (3.78,Mini-SIM,"TFT, 256K colors","2.0 inches, 12.6 cm2(~27.9% screen-to-body ratio)",176 x 220 pixels (~141 ppi density),27.9%,,Removable Li-Po 950 mAh battery,About 70 EUR,,176 x 220 pixels (~141 ppi density),141 ppi density),No,"Polar White, Mystic Black, Raspberry Red, Tectonic Grey",,"2.0, A2DP",,True,False,,GSM,,,,
J132,Sony,False,False,False,False,"2008, June. Released 2009, January",Discontinued,76 g (2.68 oz),103,45,15.3 mm (4.06,Mini-SIM,"CSTN, 65K colors","1.5 inches, 7.3 cm2(~15.7% screen-to-body ratio)","128 x 128 pixels, 1:1 ratio (~121 ppi density)",15.7%,,Removable Li-Po 930 mAh battery,About 40 EUR,,"128 x 128 pixels, 1:1 ratio (~121 ppi density)",121 ppi density),No,"Night Black, Heaven Blue",,No,,True,False,,GSM,,,,
K330,Sony,False,False,False,False,"2008, June. Released 2008, September",Discontinued,75 g (2.65 oz),100,45,12 mm (3.94,Mini-SIM,"TFT, 65K colors","1.7 inches, 9.1 cm2(~20.2% screen-to-body ratio)",128 x 160 pixels (~121 ppi density),20.2%,,Removable Li-Po 770 mAh battery,About 50 EUR,,128 x 160 pixels (~121 ppi density),121 ppi density),No,"Gold on Black, Green on Black",,Yes,,True,False,,GSM,,,,
G502,Sony,False,False,False,False,"2008, April. Released 2008, June",Discontinued,83.5 g (2.93 oz),103,46,13.5 mm (4.06,Mini-SIM,"TFT, 256K colors","2.0 inches, 12.4 cm2(~26.1% screen-to-body ratio)","240 x 320 pixels, 4:3 ratio (~200 ppi density)",26.1%,,Removable Li-Po 950 mAh battery (BST-33),About 90 EUR,,"240 x 320 pixels, 4:3 ratio (~200 ppi density)",200 ppi density),No,"Champagne Black, Brilliant Hazel, Celerity Red",,"2.0, A2DP",,True,False,,GSM / HSPA,,,,
Z780,Sony,False,False,False,False,"2008, April",Discontinued,100 g (3.53 oz),92,49,16 mm (3.62,Mini-SIM,"TFT, 256K colors","2.2 inches, 15.0 cm2(~33.2% screen-to-body ratio)","240 x 320 pixels, 4:3 ratio (~182 ppi density)",33.2%,,Removable Li-Po 950 mAh battery,About 90 EUR,,"240 x 320 pixels, 4:3 ratio (~182 ppi density)",182 ppi density),No,"Grand Onyx, Amethyst Silver",,"2.0, A2DP",,True,False,,GSM / HSPA,,,,
T303,Sony,False,False,False,False,"2008, March. Released 2008, August",Discontinued,93 g (3.28 oz),83,47,14.7 mm (3.27,Mini-SIM,"TFT, 65K colors","1.8 inches, 10.2 cm2(~26.1% screen-to-body ratio)",128 x 160 pixels (~114 ppi density),26.1%,,Removable Li-Po 930 mAh battery (BST-38),About 60 EUR,,128 x 160 pixels (~114 ppi density),114 ppi density),No,"Shimmering Silver, Shadow Black",,2.0,,True,False,,GSM,,,,
Xperia X1,Sony,False,False,False,False,"2008, February. Released 2008, October",Discontinued,145 g (5.11 oz),110.5,52.6,17 mm (4.35,,"TFT resistive touchscreen, 65K colors","3.0 inches, 25.6 cm2(~44.1% screen-to-body ratio)","480 x 800 pixels, 5:3 ratio (~311 ppi density)",44.1%,Microsoft Windows Mobile 6.1 Professional,Removable Li-Po 1500 mAh battery (BST-41),About 220 EUR,Qualcomm MSM7200,"480 x 800 pixels, 5:3 ratio (~311 ppi density)",311 ppi density),Wi-Fi 802.11b/g,"Solid Black, Steel Silver",,"2.0, A2DP",,True,False,Qualcomm MSM7200,GSM / HSPA,,,"256MB RAM, 512MB ROM","256MB RAM, 512MB ROM"
G900,Sony,False,False,False,False,"2008, February. Released 2008, May",Discontinued,99 g (3.49 oz),106,49,13 mm (4.17,Mini-SIM,"TFT resistive touchscreen, 256K colors","2.4 inches, 17.8 cm2(~34.3% screen-to-body ratio)","240 x 320 pixels, 4:3 ratio (~167 ppi density)",34.3%,"Symbian, UIQ",Removable Li-Ion 950 mAh battery (BST-33),About 150 EUR,,"240 x 320 pixels, 4:3 ratio (~167 ppi density)",167 ppi density),Wi-Fi 802.11b/g,"Dark Red, Dark Brown",,"2.0, A2DP",,True,False,,GSM / UMTS,,,,
G700,Sony,False,False,False,False,"2008, February. Released 2008, May",Discontinued,99 g (3.49 oz),106,49,13 mm (4.17,Mini-SIM,"TFT resistive touchscreen, 256K colors","2.4 inches, 17.8 cm2(~34.3% screen-to-body ratio)","240 x 320 pixels, 4:3 ratio (~167 ppi density)",34.3%,"Symbian, UIQ",Removable Li-Po 950 mAh battery (BST-33),About 80 EUR,,"240 x 320 pixels, 4:3 ratio (~167 ppi density)",167 ppi density),No,Silk Bronze,,"2.0, A2DP",,True,False,,GSM / UMTS,,,,
G700 Business Edition,Sony,False,False,False,False,"2008, June. Released 2008",Discontinued,99 g (3.49 oz),106,49,13 mm (4.17,Mini-SIM,"TFT resistive touchscreen, 256K colors","2.4 inches, 17.8 cm2(~34.3% screen-to-body ratio)","240 x 320 pixels, 4:3 ratio (~167 ppi density)",34.3%,"Symbian, UIQ",Removable Li-Po 950 mAh battery (BST-33),About 100 EUR,,"240 x 320 pixels, 4:3 ratio (~167 ppi density)",167 ppi density),No,Mineral Gray,,"2.0, A2DP",,True,False,,GSM / UMTS,,,,
W980,Sony,False,False,False,False,"2008, February. Released 2008, July",Discontinued,100 g (3.53 oz),92,46,16.9 mm (3.62,Mini-SIM,"TFT, 256K colors","2.2 inches, 15.0 cm2(~35.4% screen-to-body ratio)","240 x 320 pixels, 4:3 ratio (~182 ppi density)",35.4%,,Removable Li-Po 930 mAh battery (BST-38),About 150 EUR,,"240 x 320 pixels, 4:3 ratio (~182 ppi density)",182 ppi density),No,"Piano Black, Opera Brown, Violin Red",Accelerometer,"2.0, A2DP",,False,False,,GSM / HSPA,,,,
C902,Sony,False,False,False,False,"2008, February. Released 2008, June",Discontinued,107 g (3.77 oz),108,49,10.5 mm (4.25,Mini-SIM,"TFT, 256K colors","2.0 inches, 12.4 cm2(~23.4% screen-to-body ratio)","240 x 320 pixels, 4:3 ratio (~200 ppi density)",23.4%,,Removable Li-Po 930 mAh battery (BST-38),About 130 EUR,,"240 x 320 pixels, 4:3 ratio (~200 ppi density)",200 ppi density),No,"Swift Black, Luscious Red, Titanium Silver, Cinnamon Bronze",Accelerometer,"2.0, A2DP",,True,False,,GSM / HSPA,,,,
C702,Sony,False,False,False,False,"2008, February. Released 2008, June",Discontinued,105 g (3.70 oz),106,48,15.5 mm (4.17,Mini-SIM,"TFT, 256K colors","2.2 inches, 15.0 cm2(~29.5% screen-to-body ratio)","240 x 320 pixels, 4:3 ratio (~182 ppi density)",29.5%,,Removable Li-Ion 950 mAh battery (BST-33),About 130 EUR,,"240 x 320 pixels, 4:3 ratio (~182 ppi density)",182 ppi density),No,"Speed Black, Cool Cyan, Energy Black",,"2.0, A2DP",,True,False,,GSM / HSPA,,,,
Z770,Sony,False,False,False,False,"2008, February. Released 2008, March",Discontinued,91 g (3.21 oz),93,48,16 mm (3.66,Mini-SIM,"TFT, 256K colors","2.2 inches, 15.0 cm2(~33.6% screen-to-body ratio)","240 x 320 pixels, 4:3 ratio (~182 ppi density)",33.6%,,Removable Li-Po 930 mAh battery (BST-38),About 110 EUR,,"240 x 320 pixels, 4:3 ratio (~182 ppi density)",182 ppi density),No,"Vogue Red, Graphite Black,Exquisite Gold",,"2.0, A2DP",,True,False,,GSM / HSPA,,,,
T280,Sony,False,False,False,False,"2008, January. Released 2008, May",Discontinued,82 g (2.89 oz),100,45,13 mm (3.94,Mini-SIM,"TFT, 65K colors","1.7 inches, 9.1 cm2(~20.2% screen-to-body ratio)",128 x 160 pixels (~121 ppi density),20.2%,,Removable Li-Po 780 mAh battery (BST-36),About 60 EUR,,128 x 160 pixels (~121 ppi density),121 ppi density),No,"Silver on Black, Copper on Silver, Firmanent Blue, Blossom Pink",,Yes,,True,False,,GSM,,,,
T270,Sony,False,False,False,False,"2008, January. Released 2008",Discontinued,82 g (2.89 oz),100,45,13 mm (3.94,Mini-SIM,"TFT, 65K colors","1.7 inches, 9.1 cm2(~20.2% screen-to-body ratio)",128 x 160 pixels (~121 ppi density),20.2%,,Removable Li-Ion 780 mAh battery (BST-36),About 120 EUR,,128 x 160 pixels (~121 ppi density),121 ppi density),No,"Silver on Black, Copper on Silver",,Yes,,True,False,,GSM,,,,
R306 Radio,Sony,False,False,False,False,"2008, January. Released 2008, September",Discontinued,93 g (3.28 oz),90,47.9,15.8 mm (3.54,Mini-SIM,"TFT, 65K colors","1.9 inches, 11.4 cm2(~26.4% screen-to-body ratio)",128 x 160 pixels (~108 ppi density),26.4%,,Removable Li-Po 930 mAh battery (BST-38),About 60 EUR,,128 x 160 pixels (~108 ppi density),108 ppi density),No,"Coffee Black, Champagne White",,Yes,,False,False,,GSM,,,,
R300 Radio,Sony,False,False,False,False,"2008, January. Released 2008, July",Discontinued,75 g (2.65 oz),101,46,12 mm (3.98,Mini-SIM,"TFT, 65K colors","1.8 inches, 10.2 cm2(~21.9% screen-to-body ratio)",128 x 160 pixels (~114 ppi density),21.9%,,Removable Li-Ion battery,About 60 EUR,,128 x 160 pixels (~114 ppi density),114 ppi density),No,"Antique Copper, Steel Black",,Yes,,True,False,,GSM,,,,
W760,Sony,False,False,False,False,"2008, January. Released 2008, May",Discontinued,103 g (3.63 oz),103,48,15 mm (4.06,Mini-SIM,"TFT, 256K colors","2.2 inches, 15.0 cm2(~30.3% screen-to-body ratio)","240 x 320 pixels, 4:3 ratio (~182 ppi density)",30.3%,,Removable Li-Po 930 mAh battery (BST-38),About 100 EUR,,"240 x 320 pixels, 4:3 ratio (~182 ppi density)",182 ppi density),No,"Rocky Silver, Fancy Red, Intense Black",Accelerometer,"2.0, A2DP",,False,False,,GSM / HSPA,,,,
Z555,Sony,False,False,False,False,"2008, January. Released 2008, March",Discontinued,95 g (3.35 oz),95,49,16.5 mm (3.74,Mini-SIM,"TFT, 256K colors","1.9 inches, 11.4 cm2(~24.4% screen-to-body ratio)",176 x 220 pixels (~148 ppi density),24.4%,,Removable Li-Ion 930 mAh battery  (BST-39),About 80 EUR,,176 x 220 pixels (~148 ppi density),148 ppi density),No,"Diamond Black, Dusted Rose",,"2.0, A2DP",,True,False,,GSM,,,,
W350,Sony,False,False,False,False,"2008, January. Released 2008, May",Discontinued,80 g (2.82 oz),104,43,10.5 mm (4.09,Mini-SIM,"TFT, 256K colors","1.9 inches, 11.4 cm2(~25.4% screen-to-body ratio)",176 x 220 pixels (~148 ppi density),25.4%,,Removable Li-Po 780 mAh battery (BST-36),About 70 EUR,,176 x 220 pixels (~148 ppi density),148 ppi density),No,"Electric black, Ice blue, Hypnotic black, Graphic white, Wisteria Purple, Turbo Red, Pink",,"2.0, A2DP",,True,False,,GSM,,,,
W890,Sony,False,False,False,False,"2007, November. Released 2008, February",Discontinued,78 g (2.75 oz),104,46.5,9.9 mm (4.09,Mini-SIM,"TFT, 256K colors","2.0 inches, 12.4 cm2(~25.6% screen-to-body ratio)","240 x 320 pixels, 4:3 ratio (~200 ppi density)",25.6%,,Removable Li-Po 950 mAh battery  (BST-33),About 110 EUR,,"240 x 320 pixels, 4:3 ratio (~200 ppi density)",200 ppi density),No,"Espresso Black, Mocha Brown, Sparkling Silver",,"2.0, A2DP",,True,False,,GSM / HSPA,,,,
K660,Sony,False,False,False,False,"2007, November. Released 2008, February",Discontinued,95 g (3.35 oz),104,47,15 mm (4.09,Mini-SIM,"TFT, 256K colors","2.0 inches, 12.4 cm2(~25.3% screen-to-body ratio)","240 x 320 pixels, 4:3 ratio (~200 ppi density)",25.3%,,Removable Li-Po 950 mAh battery (BST-33),About 100 EUR,,"240 x 320 pixels, 4:3 ratio (~200 ppi density)",200 ppi density),No,"Lime on white, Wine on black, Cyan on black, Silver on black",,"2.0, A2DP",,True,False,,GSM / HSPA,,,,
W380,Sony,False,False,False,False,"2007, November. Released 2008, March",Discontinued,100 g (3.53 oz),92,49,16 mm (3.62,Mini-SIM,"TFT, 256K colors","1.9 inches, 11.4 cm2(~25.2% screen-to-body ratio)",176 x 220 pixels (~148 ppi density),25.2%,,Removable Li-Ion 930 mAh battery  (BST-39),About 80 EUR,,176 x 220 pixels (~148 ppi density),148 ppi density),No,"Electric Purple, Magnetic Grey, Black Champagne, Black Orange",,"2.0, A2DP",,True,False,,GSM,,,,
K630,Sony,False,False,False,False,"2007, October. Released 2008, January",Discontinued,97 g (3.42 oz),103,47,15.5 mm (4.06,Mini-SIM,"TFT, 256K colors","2.0 inches, 12.6 cm2(~26.0% screen-to-body ratio)",176 x 220 pixels (~141 ppi density),26.0%,,Removable Li-Po battery,About 110 EUR,,176 x 220 pixels (~141 ppi density),141 ppi density),No,"Havana Gold, Quick Black",,"2.0, A2DP",,False,False,,GSM / HSPA,,,,
K770,Sony,False,False,False,False,"2007, August",Discontinued,95 g (3.35 oz),105,47,14.5 mm (4.13,Mini-SIM,"TFT, 256K colors","1.9 inches, 11.2 cm2(~22.7% screen-to-body ratio)","240 x 320 pixels, 4:3 ratio (~211 ppi density)",22.7%,,Removable Li-Po 930 mAh battery (BST-38),About 100 EUR,,"240 x 320 pixels, 4:3 ratio (~211 ppi density)",211 ppi density),No,"Truffle Brown, Ultra Violet, Sandy Beige, Henna Bronze, Soft Black, Natural Brown, Serene Black",,"2.0, A2DP",,True,False,,GSM / UMTS,,,,
K850,Sony,False,False,False,False,"2007, June. Released 2007, October",Discontinued,118 g (4.16 oz),102,48,17 mm (4.02,Mini-SIM,"TFT, 256K colors","2.2 inches, 15.0 cm2(~30.6% screen-to-body ratio)","240 x 320 pixels, 4:3 ratio (~182 ppi density)",30.6%,,Removable Li-Po 930 mAh battery (BST-38),About 160 EUR,,"240 x 320 pixels, 4:3 ratio (~182 ppi density)",182 ppi density),No,"Luminous Green, Velvet Blue, Quicksilver black",Accelerometer,"2.0, A2DP",,True,False,,GSM / HSPA,,,,
W960,Sony,False,False,False,False,"2007, June. Released 2007, December",Discontinued,119 g (4.20 oz),109,55,16 mm (4.29,Mini-SIM,"TFT resistive touchscreen, 256K colors","2.6 inches, 20.9 cm2(~34.9% screen-to-body ratio)","240 x 320 pixels, 4:3 ratio (~154 ppi density)",34.9%,"Symbian 9.1, UIQ 3.0",Removable Li-Po 900 mAh battery (BST-33),About 180 EUR,,"240 x 320 pixels, 4:3 ratio (~154 ppi density)",154 ppi density),Wi-Fi 802.11b,Vinyl Black,,"2.0, A2DP",,True,False,,GSM / UMTS,,,8GB 128MB RAM,8GB 128MB RAM
W910,Sony,False,False,False,False,"2007, June. Released 2007, October",Discontinued,86 g (3.03 oz),99,50,12.5 mm (3.90,Mini-SIM,"TFT, 256K colors","2.4 inches, 17.8 cm2(~36.0% screen-to-body ratio)","240 x 320 pixels, 4:3 ratio (~167 ppi density)",36.0%,,Removable Li-Ion 930 mAh battery (BST-39),About 130 EUR,,"240 x 320 pixels, 4:3 ratio (~167 ppi density)",167 ppi density),No,"Hearty Red, Noble Black, Havana Bronze, Silky White, Lipstick Pink, Prime Silver",Accelerometer,"2.0, A2DP",,True,False,,GSM / HSPA,,,,
K530,Sony,False,False,False,False,"2007, June",Discontinued,92 g (3.25 oz),102,46,14 mm (4.02,Mini-SIM,"TFT, 256K colors","2.0 inches, 12.6 cm2(~26.8% screen-to-body ratio)",176 x 220 pixels (~141 ppi density),26.8%,,Removable Li-Po 950 mAh battery (BST-33),About 100 EUR,,176 x 220 pixels (~141 ppi density),141 ppi density),No,"Warm Silver, Thunder Black",,"2.0, A2DP",,True,False,,GSM / UMTS,,,,
V640,Sony,False,False,False,False,"2007, September",Discontinued,97 g (3.42 oz),103,47,15.5 mm (4.06,Mini-SIM,"TFT, 256K colors","2.0 inches, 12.6 cm2(~26.0% screen-to-body ratio)",176 x 220 pixels (~141 ppi density),26.0%,,Removable Li-Ion battery,About 80 EUR,,176 x 220 pixels (~141 ppi density),141 ppi density),No,"Havana Gold, Quick Black",,"2.0, A2DP",,True,False,,GSM / HSPA,,,,
Z320,Sony,False,False,False,False,"2007, June. Released 2007, November",Discontinued,90 g (3.17 oz),87,47,20 mm (3.43,Mini-SIM,"TFT, 65K colors","1.8 inches, 10.2 cm2(~24.9% screen-to-body ratio)",128 x 160 pixels (~114 ppi density),24.9%,,Removable Li-Ion battery,About 50 EUR,,128 x 160 pixels (~114 ppi density),114 ppi density),No,"Crimson Red, Atlantic Blue",,No,,True,False,,GSM,,,,
Z250,Sony,False,False,False,False,"2007, June. Released 2008, October",Discontinued,90 g (3.17 oz),85,47,19.5 mm (3.35,Mini-SIM,"CSTN, 65K colors","1.8 inches, 10.2 cm2(~25.5% screen-to-body ratio)",128 x 160 pixels (~114 ppi density),25.5%,,Removable Li-Ion battery,About 70 EUR,,128 x 160 pixels (~114 ppi density),114 ppi density),No,"Morning White, Silent Black",,No,,True,False,,GSM,,,,
P1,Sony,False,False,False,False,"2007, May. Released 2007, July",Discontinued,124 g (4.37 oz),106,55,17 mm (4.17,,"TFT resistive touchscreen, 256K colors","2.6 inches, 20.9 cm2(~35.9% screen-to-body ratio)","240 x 320 pixels, 4:3 ratio (~154 ppi density)",35.9%,"Symbian 9.1, UIQ 3.0",Removable Li-Po 950 mAh battery,About 170 EUR,,"240 x 320 pixels, 4:3 ratio (~154 ppi density)",154 ppi density),Wi-Fi 802.11b,Silver Black,,"2.0, A2DP",,True,False,,GSM / UMTS,,,160MB 128MB RAM 256MB ROM,160MB 128MB RAM 256MB ROM
T650,Sony,False,False,False,False,"2007, May",Discontinued,95 g (3.35 oz),104,46,12.5 mm (4.09,Mini-SIM,"TFT, 256K colors","1.9 inches, 11.2 cm2(~23.4% screen-to-body ratio)","240 x 320 pixels, 4:3 ratio (~211 ppi density)",23.4%,,Removable Li-Po 930 mAh battery (BST-38),About 120 EUR,,"240 x 320 pixels, 4:3 ratio (~211 ppi density)",211 ppi density),No,"Growing Green, Midnight Blue, Eclipse Black, Precious Gold",,"2.0, A2DP",,True,False,,GSM / UMTS,,,,
S500,Sony,False,False,False,False,"2007, May",Discontinued,94 g (3.32 oz),99,47,14 mm (3.90,Mini-SIM,"TFT, 256K colors","2.0 inches, 12.4 cm2(~26.6% screen-to-body ratio)","240 x 320 pixels, 4:3 ratio (~200 ppi density)",26.6%,,Removable Li-Po 930 mAh battery (BST-38),About 90 EUR,,"240 x 320 pixels, 4:3 ratio (~200 ppi density)",200 ppi density),No,"Mysterious Green, Spring Yellow, Contrasted Copper, Ice Purple, Silver Steel",,"2.0, A2DP",,True,False,,GSM,,,,
T250,Sony,False,False,False,False,"2007, May",Discontinued,82 g (2.89 oz),100,45,13 mm (3.94,Mini-SIM,"TFT, 65K colors","1.7 inches, 9.1 cm2(~20.2% screen-to-body ratio)",128 x 160 pixels (~121 ppi density),20.2%,,Removable Li-Ion battery,About 50 EUR,,128 x 160 pixels (~121 ppi density),121 ppi density),No,"Aluminium Silver, Aluminium Black",,No,,True,False,,GSM,,,,
Z750,Sony,False,False,False,False,"2007, March",Discontinued,110 g (3.88 oz),97.4,49,20 mm (3.83,Mini-SIM,"TFT, 256K colors","2.2 inches, 15.0 cm2(~31.4% screen-to-body ratio)","240 x 320 pixels, 4:3 ratio (~182 ppi density)",31.4%,,Removable Li-Po 930 mAh battery (BST-33),About 110 EUR,,"240 x 320 pixels, 4:3 ratio (~182 ppi density)",182 ppi density),No,"Phantom Grey, Rose Pink, Mysterious Purple, Platinum Silver",,"2.0, A2DP",,True,False,,GSM / HSPA,,,,
W580,Sony,False,False,False,False,"2007, March. Released 2007, July",Discontinued,94 g (3.32 oz),99,47,14 mm (3.90,Mini-SIM,"TFT, 256K colors","2.0 inches, 12.4 cm2(~26.6% screen-to-body ratio)","240 x 320 pixels, 4:3 ratio (~200 ppi density)",26.6%,,Removable Li-Po 930 mAh battery (BST-38),About 100 EUR,,"240 x 320 pixels, 4:3 ratio (~200 ppi density)",200 ppi density),No,"Style White, Urban Grey, Boulevard Black, Metro Pink, Jungle Green, Velvet Red",,"2.0, A2DP",,True,False,,GSM,,,,
W660,Sony,False,False,False,False,"2007, March",Discontinued,93 g (3.28 oz),102,46,14.5 mm (4.02,Mini-SIM,"TFT, 256K colors","2.0 inches, 12.6 cm2(~26.8% screen-to-body ratio)",176 x 220 pixels (~141 ppi density),26.8%,,Removable Li-Ion battery,About 110 EUR,,176 x 220 pixels (~141 ppi density),141 ppi density),No,"Record Black, Rose Red, Silk White",,"2.0, A2DP",,True,False,,GSM / UMTS,,,,
W880,Sony,False,False,False,False,"2007, February",Discontinued,71 g (2.50 oz),103,46.5,9.5 mm (4.06,Mini-SIM,"TFT, 256K colors","1.8 inches, 10.0 cm2(~20.9% screen-to-body ratio)","240 x 320 pixels, 4:3 ratio (~222 ppi density)",20.9%,,Removable Li-Po 950 mAh battery (BST-33),About 100 EUR,,"240 x 320 pixels, 4:3 ratio (~222 ppi density)",222 ppi density),No,"Flame Black, Steel Silver, Havana",,"2.0, A2DP",,True,False,,GSM / UMTS,,,,
K810,Sony,False,False,False,False,"2007, February",Discontinued,103 g (3.63 oz),106,48,17 mm (4.17,Mini-SIM,"TFT, 256K colors","2.0 inches, 12.4 cm2(~24.3% screen-to-body ratio)","240 x 320 pixels, 4:3 ratio (~200 ppi density)",24.3%,,Removable Li-Po 950 mAh battery (BST-33),About 130 EUR,,"240 x 320 pixels, 4:3 ratio (~200 ppi density)",200 ppi density),No,"Noble Blue, Golden Ivory, Pulse Red",,"2.0, A2DP",,True,False,,GSM / UMTS,,,,
W610,Sony,False,False,False,False,"2007, February",Discontinued,95 g (3.35 oz),102,46,14 mm (4.02,Mini-SIM,"TFD, 256K colors","1.96 inches, 12.1 cm2(~25.8% screen-to-body ratio)",176 x 220 pixels (~144 ppi density),25.8%,,Removable Li-Po 950 mAh battery (BST-33),About 100 EUR,,176 x 220 pixels (~144 ppi density),144 ppi density),No,"Plush Orange, Satin Black",,"2.0, A2DP",,True,False,,GSM,,,,
K550,Sony,False,False,False,False,"2007, February",Discontinued,85 g (3.00 oz),102,46,14 mm (4.02,Mini-SIM,"TFD, 256K colors","1.9 inches, 11.4 cm2(~24.2% screen-to-body ratio)",176 x 220 pixels (~148 ppi density),24.2%,,Removable Li-Po 950 mAh battery (BST-33),About 70 EUR,,176 x 220 pixels (~148 ppi density),148 ppi density),No,"Jet Black, Pearl White, Plum Ruby, Sophisticated Silver",,"2.0, A2DP",,True,False,,GSM,,,,
K220,Sony,False,False,False,False,"2007, February",Discontinued,82 g (2.89 oz),103,46,16.7 mm (4.06,Mini-SIM,"CSTN, 65K colors","1.6 inches, 8.3 cm2(~17.4% screen-to-body ratio)","128 x 128 pixels, 1:1 ratio (~113 ppi density)",17.4%,,Removable Li-Po 900 mAh battery (BST-37),About 50 EUR,,"128 x 128 pixels, 1:1 ratio (~113 ppi density)",113 ppi density),No,"Frost White, Ocean Blue",,No,,True,False,,GSM,,,,
K205,Sony,False,False,False,False,"2007, December",Discontinued,82 g (2.89 oz),103,46,17 mm (4.06,Mini-SIM,"CSTN, 65K colors","1.6 inches, 8.3 cm2(~17.4% screen-to-body ratio)","128 x 128 pixels, 1:1 ratio (~113 ppi density)",17.4%,,Removable Li-Ion battery,,,"128 x 128 pixels, 1:1 ratio (~113 ppi density)",113 ppi density),No,"White, Black",,No,,True,False,,GSM,,,,
K200,Sony,False,False,False,False,"2007, February",Discontinued,82 g (2.89 oz),103,46,16.7 mm (4.06,Mini-SIM,"STN, 65K colors","1.6 inches, 8.3 cm2(~17.4% screen-to-body ratio)","128 x 128 pixels, 1:1 ratio (~113 ppi density)",17.4%,,Removable Li-Po 900 mAh battery (BST-37),About 40 EUR,,"128 x 128 pixels, 1:1 ratio (~113 ppi density)",113 ppi density),No,"Metallic Black, Light Champagne",,No,,True,False,,GSM,,,,
J120,Sony,False,False,False,False,"2007, February",Discontinued,75 g (2.65 oz),99,44,17 mm (3.90,Mini-SIM,"STN, 65K colors","1.36 inches, 5.5 cm2(~12.6% screen-to-body ratio)","96 x 64 pixels, 3:2 ratio (~85 ppi density)",12.6%,,Removable Li-Ion battery,About 40 EUR,,"96 x 64 pixels, 3:2 ratio (~85 ppi density)",85 ppi density),No,Night Black,,No,,True,False,,GSM,,,,
J110,Sony,False,False,False,False,"2007, February",Discontinued,79 g (2.79 oz),99,44,17 mm (3.90,Mini-SIM,"STN, 65K colors","1.36 inches, 5.5 cm2(~12.6% screen-to-body ratio)","96 x 64 pixels, 3:2 ratio (~85 ppi density)",12.6%,,Removable Li-Ion battery,About 50 EUR,,"96 x 64 pixels, 3:2 ratio (~85 ppi density)",85 ppi density),No,"Smooth Grey, Soft Cream, Precious Purple",,No,,True,False,,GSM,,,,
K550im,Sony,False,False,False,False,"2007, February",Discontinued,85 g (3.00 oz),102,46,14 mm (4.02,Mini-SIM,"TFD, 256K colors","1.9 inches, 11.4 cm2(~24.2% screen-to-body ratio)",176 x 220 pixels (~148 ppi density),24.2%,,Removable Li-Po 950 mAh battery (BST-33),About 110 EUR,,176 x 220 pixels (~148 ppi density),148 ppi density),No,Jet Black,,"2.0, A2DP",,True,False,,GSM,,,,
W888,Sony,False,False,False,False,"2007, February",Discontinued,72 g (2.54 oz),103,46.5,9.5 mm (4.06,Mini-SIM,"TFT, 256K colors","1.8 inches, 10.0 cm2(~20.9% screen-to-body ratio)","240 x 320 pixels, 4:3 ratio (~222 ppi density)",20.9%,,Removable Li-Ion battery,About 130 EUR,,"240 x 320 pixels, 4:3 ratio (~222 ppi density)",222 ppi density),No,"Flame Black, Steel Silver",,"2.0, A2DP",,True,False,,GSM,,,,
W200,Sony,False,False,False,False,"2007, January",Discontinued,85 g (3.00 oz),101,44,18 mm (3.98,Mini-SIM,"UBC, 65K colors","1.8 inches, 10.2 cm2(~22.9% screen-to-body ratio)",128 x 160 pixels (~114 ppi density),22.9%,,Removable Li-Ion battery,About 50 EUR,,128 x 160 pixels (~114 ppi density),114 ppi density),No,"Rythm Black, Pulse White, Grey, Sweet Pink, Aquatic White, Mono Blue",,No,,True,False,,GSM,,,,
Z310,Sony,False,False,False,False,"2006, December",Discontinued,90 g (3.17 oz),87,46,24.5 mm (3.43,Mini-SIM,"STN, 65K colors",,128 x 160 pixels,,,Removable Li-Ion 780 mAh battery (BST-36),About 80 EUR,,128 x 160 pixels,,No,"Jetset Black, Lush Pink, Brush Bronze",,Yes,,True,False,,GSM,,,,
W830,Sony,False,False,False,False,"2006, September",Discontinued,116 g (4.09 oz),98,47,21 mm (3.86,Mini-SIM,"TFT, 256K colors","2.0 inches, 30 x 40 mm, 12.4 cm2(~26.9% screen-to-body ratio)","240 x 320 pixels, 4:3 ratio (~200 ppi density)",26.9%,,Removable Li-Po 900 mAh battery,About 160 EUR,,"240 x 320 pixels, 4:3 ratio (~200 ppi density)",200 ppi density),No,"Precious Black, Golden White",,"2.0, A2DP",,True,False,,GSM,,,,
K320,Sony,False,False,False,False,"2006, September",Discontinued,82 g (2.89 oz),101,44,18 mm (3.98,Mini-SIM,"UBC, 65K colors","1.7 inches, 28 x 34 mm, 9.1 cm2(~20.5% screen-to-body ratio)",128 x 160 pixels (~121 ppi density),20.5%,,Removable Li-Ion 750 mAh battery (BST-36),About 50 EUR,,128 x 160 pixels (~121 ppi density),121 ppi density),No,"Light Brown, Graphite Grey, Misty Silver",,2.0,,True,False,,GSM,,,,
Z558,Sony,False,False,False,False,"2006, September",Discontinued,93 g (3.28 oz),87.5,45.5,20.5 mm (3.44,Mini-SIM,"TFT resistive touchscreen, 256K colors","1.9 inches, 11.4 cm2(~28.5% screen-to-body ratio)",176 x 220 pixels (~148 ppi density),28.5%,,Removable Li-Ion battery,About 120 EUR,,176 x 220 pixels (~148 ppi density),148 ppi density),No,"Sterling Black, Pearl Copper",,Yes,,True,False,,GSM,,,,
Z610,Sony,False,False,False,False,"2006, August",Discontinued,110 g (3.88 oz),94.5,49,20 mm (3.72,Mini-SIM,"TFD, 256K colors",,176 x 220 pixels,,,Removable Li-Ion 950 mAh battery (BST-33),About 110 EUR,,176 x 220 pixels,,No,"Luster Black, Airy Blue, Rose Pink",,"2.0, A2DP",,True,False,,GSM / UMTS,,,,
K618,Sony,False,False,False,False,"2006, August",Discontinued,89 g (3.14 oz),102,45.2,16.9 mm (4.02,Mini-SIM,"TFT, 256K colors","1.9 inches, 30 x 37 mm, 11.4 cm2(~24.6% screen-to-body ratio)",176 x 220 pixels (~148 ppi density),24.6%,,Removable Li-Ion battery,About 110 EUR,,176 x 220 pixels (~148 ppi density),148 ppi density),No,"Vibrant Black, Bright White",,"2.0, A2DP",,True,False,,GSM / UMTS,,,,
W850,Sony,False,False,False,False,"2006, May. Released 2006, September",Discontinued,116 g (4.09 oz),98,47,21 mm (3.86,Mini-SIM,"TFT, 256K colors","2.0 inches, 30 x 40 mm, 12.4 cm2(~26.9% screen-to-body ratio)","240 x 320 pixels, 4:3 ratio (~200 ppi density)",26.9%,,Removable Li-Po 950 mAh battery (BST-33),About 200 EUR,,"240 x 320 pixels, 4:3 ratio (~200 ppi density)",200 ppi density),No,"Precious Black, Golden White",,"2.0, A2DP",,True,False,,GSM / UMTS,,,,
W710,Sony,False,False,False,False,"2006, May",Discontinued,101 g (3.56 oz),88,48,24.5 mm (3.46,Mini-SIM,"TFT, 256K colors","1.9 inches, 31 x 38 mm, 11.4 cm2(~26.9% screen-to-body ratio)",176 x 220 pixels (~148 ppi density),26.9%,,Removable Li-Po 900 mAh battery (BST-37),About 130 EUR,,176 x 220 pixels (~148 ppi density),148 ppi density),No,"Performance Graphite, Hatha Violet",,"2.0, A2DP",,True,False,,GSM,,,,
Z710,Sony,False,False,False,False,"2006, May",Discontinued,101 g (3.56 oz),88,48,24.5 mm (3.46,Mini-SIM,"TFT, 256K colors","1.9 inches, 31 x 38 mm, 11.4 cm2(~26.9% screen-to-body ratio)",176 x 220 pixels (~148 ppi density),26.9%,,Removable Li-Po 900 mAh battery (BST-37),About 130 EUR,,176 x 220 pixels (~148 ppi density),148 ppi density),No,"Twilight Black, Metallic Sand",,"2.0, A2DP",,True,False,,GSM,,,,
Z550,Sony,False,False,False,False,"2006, May",Discontinued,93 g (3.28 oz),87.5,45.4,20 mm (3.44,Mini-SIM,"TFT, 256K colors","1.9 inches, 30 x 37 mm, 11.4 cm2(~28.6% screen-to-body ratio)",176 x 220 pixels (~148 ppi density),28.6%,,Removable Li-Ion 750 mAh battery,About 110 EUR,,176 x 220 pixels (~148 ppi density),148 ppi density),No,"Sterling Black, Pearl Copper",,Yes,,True,False,,GSM,,,,
W700,Sony,False,False,False,False,"2006, April",Discontinued,99 g (3.49 oz),100,46,20.5 mm (3.94,Mini-SIM,"TFT, 256K colors","1.8 inches, 28 x 35 mm, 10.2 cm2(~22.2% screen-to-body ratio)",176 x 220 pixels (~157 ppi density),22.2%,,Removable Li-Ion battery,About 130 EUR,,176 x 220 pixels (~157 ppi density),157 ppi density),No,Titanium Gold,,2.0,,True,False,,GSM,,,,
Z525,Sony,False,False,False,False,"2006, April",Discontinued,94 g (3.32 oz),83,46,24 mm (3.27,Mini-SIM,"TFT, 65K colors","1.8 inches, 29 x 35 mm, 10.2 cm2(~26.7% screen-to-body ratio)",128 x 160 pixels (~114 ppi density),26.7%,,Removable Li-Ion battery,About 90 EUR,,128 x 160 pixels (~114 ppi density),114 ppi density),No,New Blue,,2.0,,True,False,,GSM,,,,
K800,Sony,False,False,False,False,"2006, February. Released 2006, June",Discontinued,115 g (4.06 oz),105,47,22 mm (4.13,Mini-SIM,"TFT, 256K colors","2.0 inches, 30 x 40 mm, 12.4 cm2(~25.1% screen-to-body ratio)","240 x 320 pixels, 2.0 inch, 4:3 ratio (~200 ppi density)",25.1%,,Removable Li-Po 900 mAh battery (BST-33),About 150 EUR,,"240 x 320 pixels, 2.0 inch, 4:3 ratio (~200 ppi density)",200 ppi density),No,"Velvet Black, Allure Brown",,"2.0, A2DP",,True,False,,GSM / UMTS,,,,
K790,Sony,False,False,False,False,"2006, February",Discontinued,115 g (4.06 oz),105,47,22 mm (4.13,Mini-SIM,"TFT, 256K colors","2.0 inches, 12.4 cm2(~25.1% screen-to-body ratio)","240 x 320 pixels, 4:3 ratio (~200 ppi density)",25.1%,,Removable Li-Po 900 mAh battery (BST-33),About 150 EUR,,"240 x 320 pixels, 4:3 ratio (~200 ppi density)",200 ppi density),No,"Velvet Black, Allure Brown",,"2.0, A2DP",,True,False,,GSM,,,,
V630,Sony,False,False,False,False,"2006, May",Discontinued,91 g (3.21 oz),102,45.7,16.9 mm (4.02,Mini-SIM,"TFT, 256K colors","1.9 inches, 30 x 37 mm, 11.4 cm2(~24.4% screen-to-body ratio)",176 x 220 pixels (~148 ppi density),24.4%,,Removable Li-Ion battery,,,176 x 220 pixels (~148 ppi density),148 ppi density),No,Vibrant Black,,"2.0, A2DP",,True,False,,GSM / UMTS,,,,
W300,Sony,False,False,False,False,"2006, February",Discontinued,94 g (3.32 oz),90,47,24 mm (3.54,Mini-SIM,"TFT, 256K colors","1.66 inches, 8.7 cm2(~20.5% screen-to-body ratio)",128 x 160 pixels (~123 ppi density),20.5%,,Removable Li-Po 900 mAh battery,About 100 EUR,,128 x 160 pixels (~123 ppi density),123 ppi density),No,"Shadow Black, Shimmering White, Lime Green",,Yes,,True,False,,GSM,,,,
Z530,Sony,False,False,False,False,"2006, February",Discontinued,93 g (3.28 oz),90,47,24 mm (3.54,Mini-SIM,"UBC, 65K colors","1.8 inches, 28 x 35 mm, 10.2 cm2(~24.1% screen-to-body ratio)",128 x 160 pixels (~114 ppi density),24.1%,,Removable Li-Ion 900 mAh battery (BST-33),About 90 EUR,,128 x 160 pixels (~114 ppi density),114 ppi density),No,"Soft Black, Chromic Grey, Elegant Red",,Yes,,True,False,,GSM,,,,
P990,Sony,False,False,False,False,"2005, Q4",Discontinued,150 g (5.29 oz),114,57,26 mm (4.49,,"TFT resistive touchscreen, 256K colors","2.7 inches, 41 x 56 mm, 22.6 cm2(~34.7% screen-to-body ratio)","240 x 320 pixels, 4:3 ratio (~148 ppi density)",34.7%,"Symbian 9.1, UIQ 3.0",Removable Li-Ion battery,About 220 EUR,,"240 x 320 pixels, 4:3 ratio (~148 ppi density)",148 ppi density),Wi-Fi 802.11b,Premium Silver,,"2.0, A2DP",,True,False,,GSM / UMTS,,,64MB RAM,64MB RAM
K510,Sony,False,False,False,False,"2006, February",Discontinued,82 g (2.89 oz),101,44,17 mm (3.98,Mini-SIM,"TFT, 256K colors","1.8 inches, 28 x 35 mm, 10.2 cm2(~22.9% screen-to-body ratio)",128 x 160 pixels (~114 ppi density),22.9%,,Removable Li-Ion 750 mAh battery (BST-36),About 80 EUR,,128 x 160 pixels (~114 ppi density),114 ppi density),No,"Midnight Black, Polished Purple",,Yes,,False,False,,GSM,,,,
K310,Sony,False,False,False,False,"2006, February",Discontinued,82 g (2.89 oz),101,44,17 mm (3.98,Mini-SIM,"UBC, 65K colors","1.74 inches, 9.5 cm2(~21.4% screen-to-body ratio)",128 x 160 pixels (~118 ppi density),21.4%,,Removable Li-Ion battery,About 80 EUR,,128 x 160 pixels (~118 ppi density),118 ppi density),No,"Shadow Blue, Misty Silver",,No,,False,False,,GSM,,,,
W950,Sony,False,False,False,False,"2006, February",Discontinued,112 g (3.95 oz),106,54,15 mm (4.17,Mini-SIM,"TFT resistive touchscreen, 256K colors","2.6 inches, 39 x 53 mm, 20.9 cm2(~36.6% screen-to-body ratio)","240 x 320 pixels, 4:3 ratio (~154 ppi density)",36.6%,"Symbian 9.1, UIQ 3.0",Removable Li-Ion 900 mAh battery (BST-33),About 180 EUR,,"240 x 320 pixels, 4:3 ratio (~154 ppi density)",154 ppi density),No,Mystic purple,,"2.0, A2DP",,True,False,,GSM / UMTS,,,,
M600,Sony,False,False,False,False,"2006, February",Discontinued,112 g (3.95 oz),105,54,15 mm (4.13,,"TFT resistive touchscreen, 256K colors","2.6 inches, 39 x 53 mm, 20.9 cm2(~36.9% screen-to-body ratio)","240 x 320 pixels, 4:3 ratio (~154 ppi density)",36.9%,"Symbian 9.1, UIQ 3.0",Removable Li-Po 900 mAh battery (BST-33),About 130 EUR,,"240 x 320 pixels, 4:3 ratio (~154 ppi density)",154 ppi density),No,"Granite Black, Crystal White",,"2.0, A2DP",,False,False,,GSM / UMTS,,,,
M608,Sony,False,False,False,False,"2006, May",Discontinued,112 g (3.95 oz),107,57,15 mm (4.21,,"TFT resistive touchscreen, 256K colors","2.6 inches, 39 x 53 mm, 20.9 cm2(~34.3% screen-to-body ratio)","240 x 320 pixels, 4:3 ratio (~154 ppi density)",34.3%,"Symbian 9.1, UIQ 3.0",Removable Li-Ion battery,About 120 EUR,,"240 x 320 pixels, 4:3 ratio (~154 ppi density)",154 ppi density),No,"Granite Black, Crystal White",,"2.0, A2DP",,False,False,,GSM,,,,
K610,Sony,False,False,False,False,"2006, February",Discontinued,89 g (3.14 oz),102,45.2,16.9 mm (4.02,Mini-SIM,"TFT, 256K colors","1.9 inches, 30 x 37 mm, 11.4 cm2(~24.6% screen-to-body ratio)",176 x 220 pixels (~148 ppi density),24.6%,,Removable Li-Po 900 mAh battery (BST-37),About 110 EUR,,176 x 220 pixels (~148 ppi density),148 ppi density),No,"Evening Red, Urban Silver, Misty White",,"2.0, A2DP",,True,False,,GSM / UMTS,,,,
J100,Sony,False,False,False,False,"2006, February",Discontinued,79 g (2.79 oz),100,44,18 mm (3.94,Mini-SIM,"STN, 65K colors","1.4 inches, 5.8 cm2(~13.3% screen-to-body ratio)","96 x 64 pixels, 3:2 ratio (~82 ppi density)",13.3%,,Removable Li-Ion battery,About 40 EUR,,"96 x 64 pixels, 3:2 ratio (~82 ppi density)",82 ppi density),No,"2 -  Polar White, Twilight Blue",,No,,False,False,,GSM,,,,
W810,Sony,False,False,False,False,"2006, Q1",Discontinued,99 g (3.49 oz),100,46,19.5 mm (3.94,Mini-SIM,"TFT, 256K colors","1.9 inches, 30 x 38 mm, 11.4 cm2(~24.7% screen-to-body ratio)",176 x 220 pixels (~148 ppi density),24.7%,,Removable Li-Po 900 mAh battery (BST-37),About 130 EUR,,176 x 220 pixels (~148 ppi density),148 ppi density),No,"Satin Black, Fusion White",,2.0,,True,False,,GSM,,,,
W900,Sony,False,False,False,False,"2005, October",Discontinued,148 g (5.22 oz),109,49,24 mm (4.29,Mini-SIM,"TFT, 256K colors","2.2 inches, 33 x 45 mm, 15.0 cm2(~28.1% screen-to-body ratio)","240 x 320 pixels, 4:3 ratio (~182 ppi density)",28.1%,,Removable Li-Po 900 mAh battery (BST-33),About 270 EUR,,"240 x 320 pixels, 4:3 ratio (~182 ppi density)",182 ppi density),No,"Black, White",,2.0,,True,False,,GSM / UMTS,,,,
Z300,Sony,False,False,False,False,"2005, November",Discontinued,91 g (3.21 oz),85.5,45,23 mm (3.37,Mini-SIM,"STN, 65K colors",,"128 x 128 pixels, 1:1 ratio",,,Removable Li-Ion battery,About 80 EUR,,"128 x 128 pixels, 1:1 ratio",,No,"2 - Granite Grey, Amethyst Purple",,No,,False,False,,GSM,,,,
J230,Sony,False,False,False,False,"2005, November",Discontinued,84 g (2.96 oz),102,44,18 mm (4.02,Mini-SIM,"STN, 65K colors","1.55 inches, 7.7 cm2(~17.3% screen-to-body ratio)","128 x 128 pixels, 1:1 ratio (~117 ppi density)",17.3%,,Removable Li-Ion 900 mAh battery (BST-37),About 50 EUR,,"128 x 128 pixels, 1:1 ratio (~117 ppi density)",117 ppi density),No,"3 - Cosmo White, Cherry Red, Deep Blue",,No,,True,False,,GSM,,,,
J220,Sony,False,False,False,False,"2005, November",Discontinued,82 g (2.89 oz),102,44,18 mm (4.02,Mini-SIM,"STN, 65K colors","1.55 inches, 7.7 cm2(~17.3% screen-to-body ratio)","128 x 128 pixels, 1:1 ratio (~117 ppi density)",17.3%,,Removable Li-Ion battery,About 50 EUR,,"128 x 128 pixels, 1:1 ratio (~117 ppi density)",117 ppi density),No,"2 - Smooth Black, Sky Blue",,No,,True,False,,GSM,,,,
W550,Sony,False,False,False,False,"2005, July",Discontinued,120 g (4.23 oz),93,46.5,22.5 mm (3.66,Mini-SIM,"TFT, 256K colors","1.8 inches, 28 x 35 mm, 10.2 cm2(~23.6% screen-to-body ratio)",176 x 220 pixels (~157 ppi density),23.6%,,Removable Li-Po 900 mAh battery (BST-37),About 130 EUR,,176 x 220 pixels (~157 ppi density),157 ppi density),No,"Vibrant Orange, Orchid White, Universe Blue",,2.0,,False,False,,GSM,,,,
W600,Sony,False,False,False,False,"2005, June",Discontinued,120 g (4.23 oz),93,46.5,22.5 mm (3.66,Mini-SIM,"TFT, 256K colors","1.8 inches, 28 x 35 mm, 10.2 cm2(~23.6% screen-to-body ratio)",176 x 220 pixels (~157 ppi density),23.6%,,Removable Li-Ion battery,About 130 EUR,,176 x 220 pixels (~157 ppi density),157 ppi density),No,Vibrant Orange,,2.0,,False,False,,GSM,,,,
S600,Sony,False,False,False,False,"2005, June",Cancelled,,93,46.5,22.5 mm (3.66,Mini-SIM,"TFT, 256K colors",,176 x 220 pixels,,,Removable Li-Ion battery,,,176 x 220 pixels,,No,"3 - Universe blue, Orchid white, Radiant yellow",,Yes,,False,False,,GSM,,,,
Z520,Sony,False,False,False,False,"2005, June",Discontinued,96 g (3.39 oz),93,46,24 mm (3.66,Mini-SIM,"TFT, 65K colors","1.8 inches, 29 x 35 mm, 10.2 cm2(~23.8% screen-to-body ratio)",128 x 160 pixels (~114 ppi density),23.8%,,Removable Li-Ion 900 mAh battery (BST-37),About 70 EUR,,128 x 160 pixels (~114 ppi density),114 ppi density),No,"Light Blue, Pale Purple, Pale Pink, Pale Yellow",,2.0,,True,False,,GSM,,,,
J210,Sony,False,False,False,False,"2005, June",Discontinued,74 g (2.61 oz),101,43,19 mm (3.98,Mini-SIM,"STN, 65K colors","1.6 inches, 8.3 cm2(~19.0% screen-to-body ratio)","128 x 128 pixels, 1:1 ratio (~113 ppi density)",19.0%,,Removable Li-Ion 670 mAh battery (BST-30),About 40 EUR,,"128 x 128 pixels, 1:1 ratio (~113 ppi density)",113 ppi density),No,"2 - Mineral Silver, Floral Green",,No,,False,False,,GSM,,,,
K608,Sony,False,False,False,False,"2005, June",Discontinued,105 g (3.70 oz),105,45.5,18.8 mm (4.13,Mini-SIM,"TFT, 256K colors","1.8 inches, 28 x 35 mm, 10.2 cm2(~21.3% screen-to-body ratio)",176 x 220 pixels (~157 ppi density),21.3%,,Removable Li-Ion 900 mAh battery (BST-37),About 100 EUR,,176 x 220 pixels (~157 ppi density),157 ppi density),No,Aluminium Silver,,2.0,,False,False,,GSM / UMTS,,,,
W800,Sony,False,False,False,False,"2005, Q1",Discontinued,99 g (3.49 oz),100,46,20.5 mm (3.94,Mini-SIM,"TFT, 256K colors","1.8 inches, 28 x 35 mm, 10.2 cm2(~22.2% screen-to-body ratio)",176 x 220 pixels (~157 ppi density),22.2%,,Removable Li-Po 900 mAh battery (BST-36),About 160 EUR,,176 x 220 pixels (~157 ppi density),157 ppi density),No,Smooth White,,2.0,,True,False,,GSM,,,,
K750,Sony,False,False,False,False,"2005, Q1",Discontinued,99 g (3.49 oz),100,46,20.5 mm (3.94,Mini-SIM,"TFT, 256K colors","1.8 inches, 28 x 35 mm, 10.2 cm2(~22.2% screen-to-body ratio)",176 x 220 pixels (~157 ppi density),22.2%,,Removable Li-Po 900 mAh battery (BST-36),About 140 EUR,,176 x 220 pixels (~157 ppi density),157 ppi density),No,"Black, Silver",,2.0,,True,False,,GSM,,,,
D750,Sony,False,False,False,False,"2005, Q1",Discontinued,99 g (3.49 oz),100,46,20.5 mm (3.94,Mini-SIM,"TFT, 256K colors","1.8 inches, 28 x 35 mm, 10.2 cm2(~22.2% screen-to-body ratio)",176 x 220 pixels (~157 ppi density),22.2%,,Removable Li-Po 900 mAh battery (BST-36),About 140 EUR,,176 x 220 pixels (~157 ppi density),157 ppi density),No,"Black, Silver",,2.0,,True,False,,GSM,,,,
J300,Sony,False,False,False,False,"2005, Q1",Discontinued,78 g (2.75 oz),99.1,42.6,18.2 mm (3.90,Mini-SIM,"STN, 65K colors","1.5 inches, 27 x 27 mm, 7.3 cm2(~17.2% screen-to-body ratio)","128 x 128 pixels, 1:1 ratio (~121 ppi density)",17.2%,,Removable Li-Ion 750 mAh battery (BST-36),About 70 EUR,,"128 x 128 pixels, 1:1 ratio (~121 ppi density)",121 ppi density),No,"Plucky Pink, Sensitive White, Midnight Grey",,No,,True,False,,GSM,,,,
V600,Sony,False,False,False,False,"2005, June",Discontinued,105 g (3.70 oz),105,45.5,19.5 mm (4.13,Mini-SIM,"TFT, 256K colors","1.8 inches, 28 x 35 mm, 10.2 cm2(~21.3% screen-to-body ratio)",176 x 220 pixels (~157 ppi density),21.3%,,Removable Li-Ion battery,,,176 x 220 pixels (~157 ppi density),157 ppi density),No,"Moonlight Silver, Black",,2.0,,False,False,,GSM / UMTS,,,,
K600,Sony,False,False,False,False,"2005, Q1",Discontinued,105 g (3.70 oz),104.3,45,18.9 mm (4.11,Mini-SIM,"TFT, 256K colors","1.8 inches, 28 x 35 mm, 10.2 cm2(~21.7% screen-to-body ratio)",176 x 220 pixels (~157 ppi density),21.7%,,Removable Li-Ion 900 mAh battery (BST-37),About 100 EUR,,176 x 220 pixels (~157 ppi density),157 ppi density),No,Aluminium Silver,,2.0,,False,False,,GSM / UMTS,,,,
Z800,Sony,False,False,False,False,"2005, Q1",Discontinued,128 g (4.52 oz),102,49,23.6 mm (4.02,Mini-SIM,"TFT, 256K colors","2.2 inches, 35 x 44 mm, 15.2 cm2(~30.5% screen-to-body ratio)",176 x 220 pixels (~128 ppi density),30.5%,,Removable Li-Ion 900 mAh battery (BST-33),,,176 x 220 pixels (~128 ppi density),128 ppi density),No,,,1.1,,False,False,,GSM / UMTS,,,,
K300,Sony,False,False,False,False,"2004, Q4",Discontinued,85 g (3.00 oz),99.9,45.2,19.4 mm (3.93,Mini-SIM,"CSTN, 65K colors","1.6 inches, 29 x 29 mm, 8.3 cm2(~18.3% screen-to-body ratio)","128 x 128 pixels, 1:1 ratio (~113 ppi density)",18.3%,,Removable Li-Ion 670 mAh battery (BST-30),About 90 EUR,,"128 x 128 pixels, 1:1 ratio (~113 ppi density)",113 ppi density),No,2 - Visual Blue and Smooth Silver,,No,,False,False,,GSM,,,,
J200,Sony,False,False,False,False,"2004, Q4",Discontinued,74 g (2.61 oz),101,43,19 mm (3.98,Mini-SIM,"STN, 4096 colors","1.6 inches, 8.3 cm2(~19.0% screen-to-body ratio)","128 x 128 pixels, 1:1 ratio (~113 ppi density)",19.0%,,Removable Li-Ion 670 mAh battery,About 40 EUR,,"128 x 128 pixels, 1:1 ratio (~113 ppi density)",113 ppi density),No,,,No,,False,False,,GSM,,,,
T290,Sony,False,False,False,False,"2004, Q4",Discontinued,73 g (2.57 oz),101,44,19 mm (3.98,Mini-SIM,"STN, 4096 colors","1.45 inches, 6.6 cm2(~14.9% screen-to-body ratio)",101 x 80 pixels (~89 ppi density),14.9%,,Removable Li-Ion 700 mAh battery (BST-30),About 40 EUR,,101 x 80 pixels (~89 ppi density),89 ppi density),No,,,No,,True,False,,GSM,,,,
V800,Sony,False,False,False,False,"2004, Q3",Discontinued,128 g (4.52 oz),102,49,24 mm (4.02,Mini-SIM,"TFT, 256K colors","2.2 inches, 35 x 44 mm, 15.2 cm2(~30.5% screen-to-body ratio)",176 x 220 pixels (~128 ppi density),30.5%,,Removable Li-Ion battery,,,176 x 220 pixels (~128 ppi density),128 ppi density),No,"Ebony Black, Ceramic White, Pure Copper",,1.1,,False,False,,GSM / UMTS,,,,
P910,Sony,False,False,False,False,"2004, Q3",Discontinued,150 g (5.29 oz),115,58,26 mm (4.53,,"TFT resistive touchscreen, 256K colors","2.9 inches, 40 x 62 mm, 24.8 cm2(~37.2% screen-to-body ratio)","208 x 320 pixels, 3:2 ratio (~132 ppi density)",37.2%,"Symbian 7.0, UIQ v2.1 UI",Removable Li-Po 1000 mAh battery (BST-15),,,"208 x 320 pixels, 3:2 ratio (~132 ppi density)",132 ppi density),No,Urban Grey,,1.1,,False,False,,GSM,,,,
S710,Sony,False,False,False,False,"2004, Q3",Discontinued,137 g (4.83 oz),107.5,49,24.5 mm (4.23,Mini-SIM,"TFT, 256K colors","2.3 inches, 35 x 46 mm, 16.4 cm2(~31.1% screen-to-body ratio)","240 x 320 pixels, 4:3 ratio (~174 ppi density)",31.1%,,Removable Li-Ion 780 mAh battery,,,"240 x 320 pixels, 4:3 ratio (~174 ppi density)",174 ppi density),No,Onyx Black,,1.1,,False,False,,GSM,,,,
K508,Sony,False,False,False,False,"2004, Q3",Discontinued,88 g (3.10 oz),103,45.5,19.5 mm (4.06,Mini-SIM,"TFT, 65K colors","1.9 inches, 30 x 37 mm, 11.4 cm2(~24.2% screen-to-body ratio)",128 x 160 pixels (~108 ppi density),24.2%,,Removable Li-Ion 700 mAh battery (BST-30),,,128 x 160 pixels (~108 ppi density),108 ppi density),No,"2 - Lunar Silver, Twilight Black",,No,,False,False,,GSM,,,,
K500,Sony,False,False,False,False,"2004, Q3",Discontinued,80 g (2.82 oz),102,46,14 mm (4.02,Mini-SIM,"TFT, 65K colors","1.9 inches, 30 x 37 mm, 11.4 cm2(~24.2% screen-to-body ratio)",128 x 160 pixels (~108 ppi density),24.2%,,Removable Li-Ion battery,,,128 x 160 pixels (~108 ppi density),108 ppi density),No,"2 - Virtual Silver, Cosmetic Blue",,No,,False,False,,GSM,,,,
F500i,Sony,False,False,False,False,"2004, Q2",Discontinued,80 g (2.82 oz),102,46,14 mm (4.02,Mini-SIM,"TFT, 65K colors","1.9 inches, 30 x 37 mm, 11.4 cm2(~24.2% screen-to-body ratio)",128 x 160 pixels (~108 ppi density),24.2%,,Removable Li-Ion battery,,,128 x 160 pixels (~108 ppi density),108 ppi density),No,3,,No,,False,False,,GSM,,,,
S700,Sony,False,False,False,False,"2004, March",Discontinued,137 g (4.83 oz),107,49,24 mm (4.21,Mini-SIM,"TFT, 256K colors","2.3 inches, 35 x 46 mm, 16.4 cm2(~31.2% screen-to-body ratio)","240 x 320 pixels, 4:3 ratio (~174 ppi density)",31.2%,,Removable Li-Ion battery,,,"240 x 320 pixels, 4:3 ratio (~174 ppi density)",174 ppi density),No,,,1.1,,False,False,,GSM,,,,
K700,Sony,False,False,False,False,"2004, March",Discontinued,93 g (3.28 oz),99,46,19 mm (3.90,Mini-SIM,"TFT, 65K colors","1.78 inches, 10.0 cm2(~21.9% screen-to-body ratio)","176 x 220 pixels, 7 lines (~158 ppi density)",21.9%,,Removable Li-Po battery,,Mediatek MT6592 (28 nm),"176 x 220 pixels, 7 lines (~158 ppi density)",158 ppi density),No,"Optic Silver, Blue Tinted Silver",,1.1,,True,False,Mediatek MT6592 (28 nm),GSM,,,,
Z500,Sony,False,False,False,False,"2004, March",Discontinued,110 g (3.88 oz),93,49,24 mm (3.66,Mini-SIM,"CSTN, 65K colors",,128 x 160 pixels,,,Removable Li-Ion battery,,,128 x 160 pixels,,No,,,No,,False,False,,GSM,,,,
T630,Sony,False,False,False,False,"2003, Q4",Discontinued,92 g (3.25 oz),102,43,17 mm (4.02,Mini-SIM,"TFT, 65K colors","1.78 inches, 10.0 cm2(~22.7% screen-to-body ratio)",128 x 160 pixels (~115 ppi density),22.7%,,Removable Li-Po 750 mAh battery,,,128 x 160 pixels (~115 ppi density),115 ppi density),No,"Frosty Silver, Black",,1.0b,,False,False,,GSM,,,,
P900,Sony,False,False,False,False,"2003, Q4",Discontinued,150 g (5.29 oz),115,57,24 mm (4.53,Mini-SIM,"TFT resistive touchscreen, 65K colors","2.9 inches, 40 x 62 mm, 24.8 cm2(~37.8% screen-to-body ratio)","208 x 320 pixels, 3:2 ratio (~132 ppi density)",37.8%,"Symbian 7.0, UIQ v2.1 UI",Removable Li-Po 1000 mAh battery,,,"208 x 320 pixels, 3:2 ratio (~132 ppi density)",132 ppi density),No,Urban Grey,,Yes,,False,False,,GSM,,,,
Z600,Sony,False,False,False,False,"2003, Q3",Discontinued,110 g (3.88 oz),90,48,28 mm (3.54,Mini-SIM,"TFD, 65K colors",,128 x 160 pixels,,,Removable Li-Ion 780 mAh battery (BST-27),,,128 x 160 pixels,,No,,,1.0b,,False,False,,GSM,,,,
Z200,Sony,False,False,False,False,"2003, Q3",Discontinued,98 g (3.46 oz),96,52,25 mm (3.78,Mini-SIM,"STN, 4096 colors",,"128 x 128 pixels, 1:1 ratio",,,Removable Li-Ion battery,,,"128 x 128 pixels, 1:1 ratio",,No,"4 - Velvet Blue, Cosmo Silver, Frosty White, Pulse Red",,No,,False,False,,GSM,,,,
T230,Sony,False,False,False,False,"2003, Q3",Discontinued,79 g (2.79 oz),101,44,19 mm (3.98,Mini-SIM,"STN, 4096 colors","1.5 inches, 7.1 cm2(~15.9% screen-to-body ratio)",101 x 80 pixels (~86 ppi density),15.9%,,Removable Li-Ion 670 mAh battery (BST-30),,,101 x 80 pixels (~86 ppi density),86 ppi density),No,"2 - Blade Gray, Steel Blue",,No,,False,False,,GSM,,,,
Z1010,Sony,False,False,False,False,"2003, Q4",Discontinued,144 g (5.08 oz),98.5,54.5,29 mm (3.88,Mini-SIM,"TFT, 65K colors","2.2 inches, 35 x 44 mm, 15.2 cm2(~28.4% screen-to-body ratio)",176 x 220 pixels (~128 ppi density),28.4%,,Removable Li-Po 1000 mAh battery (BST-15),,,176 x 220 pixels (~128 ppi density),128 ppi density),No,,,1.1,,False,False,,GSM / UMTS,,,,
T610,Sony,False,False,False,False,"2003, Q2",Discontinued,95 g (3.35 oz),102,44,19 mm (4.02,Mini-SIM,"STN, 65K colors","1.8 inches, 10.2 cm2(~22.7% screen-to-body ratio)",128 x 160 pixels (~114 ppi density),22.7%,,Removable Li-Ion 770 mAh battery (BST-25),,,128 x 160 pixels (~114 ppi density),114 ppi density),No,3,,1.0b,,False,False,,GSM,,,,
T310,Sony,False,False,False,False,"2003, March",Discontinued,97 g (3.42 oz),104,49,19 mm (4.09,Mini-SIM,"STN, 256 colors",,"101 x 80 pixels, 6 lines",,,Removable Li-Po battery,,,"101 x 80 pixels, 6 lines",,No,"3 -  Flaming Gold, Fashion Blue, Funky Purple",,No,,False,False,,GSM,,,,
T105,Sony,False,False,False,False,"2003, Q2",Discontinued,75 g (2.65 oz),99,43.5,17.7 mm (3.90,Mini-SIM,"Grayscale graphics, 4 shades",1.4 inches,,,,Removable Li-Ion 700 mAh battery,,,,,No,"2 - Steel Grey, Vibrant Turquoise",,No,,False,False,,GSM,,,,
T100,Sony,False,False,False,False,"2002, Q4",Discontinued,75 g (2.65 oz),99,43.5,17.7 mm (3.90,Mini-SIM,"Grayscale graphics, 4 shades",,,,,Removable Li-Po battery,,,,,No,"4 - Icy Blue, Gentle Gold, Fresh White, Soft Silver",,No,,False,False,,GSM,,,,
T600,Sony,False,False,False,False,"2002, Oct",Discontinued,60 g (2.12 oz),92,41,20 mm (3.62,Mini-SIM,"Grayscale graphics, 4 shades",,101 x 80 pixels,,,Removable Li-Po battery,,,101 x 80 pixels,,No,"3 - Moonlight silver, Marine Blue and Gold",,No,,False,False,,GSM,,,,
T300,Sony,False,False,False,False,"2002, Oct",Discontinued,101 g (3.56 oz),106,48,22 mm (4.17,Mini-SIM,"STN, 256 colors",,"101 x 80 pixels, 6 lines",,,Removable Li-Ion 700 mAh battery (BST-22),,,"101 x 80 pixels, 6 lines",,No,"3 -  Icy Blue, Midnight Red, Mystical Green",,No,,False,False,,GSM,,,,
T200,Sony,False,False,False,False,"2002, Oct",Discontinued,85 g (3.00 oz),105,48,22 mm (4.13,Mini-SIM,"Grayscale graphics, 4 shades",,,,,Removable Li-Ion 700 mAh battery (BST-24),,,,,No,,,No,,False,False,,GSM,,,,
P800,Sony,False,False,False,False,"2002, September",Discontinued,158 g (5.57 oz),117,59,27 mm (4.61,Mini-SIM,"TFT resistive touchscreen, 4096 colors","2.9 inches, 40 x 62 mm, 24.8 cm2(~35.9% screen-to-body ratio)","208 x 320 pixels, 3:2 ratio (~132 ppi density)",35.9%,"Symbian 7.0, UIQ v2.0 UI",Removable Li-Po 1000 mAh battery (BST-15),,,"208 x 320 pixels, 3:2 ratio (~132 ppi density)",132 ppi density),No,,,Yes,,False,False,,GSM,,,,
Z700,Sony,False,False,False,False,"2002, September",Cancelled,95 g (3.35 oz),91,50,"24 mm, 90 cc (3.58",Mini-SIM,"STN, 256 colors",,,,,Removable Li-Po battery,,,,,No,,,Yes,,True,False,,GSM,,,,
T68i,Sony,False,False,False,False,"2002, April",Discontinued,84 g (2.96 oz),101,48,19.5 mm (3.98,Mini-SIM,"STN, 256 colors",,101 x 80 pixels,,,Removable Li-Ion 700 mAh battery (BST-14),,,101 x 80 pixels,,No,Arctic Blue,,1.0b,,False,False,,GSM,,,,
Xperia Duo,Sony,False,False,False,False,Not officially announced yet,Cancelled,-,-,,,Mini-SIM,"LED-backlit LCD,","4.5 inches, 60.3 cm2","540 x 960 pixels, 3:2 ratio (~256 ppi density)",,Android 2.3 (Gingerbread),Removable Li-Po 2500 mAh battery,,Qualcomm MSM8260 Snapdragon S3,"540 x 960 pixels, 3:2 ratio (~256 ppi density)",256 ppi density),"Wi-Fi 802.11 b/g/n, DLNA, hotspot",Black,"Accelerometer, proximity, compass","2.1, A2DP, EDR",Adreno 220,True,True,Qualcomm MSM8260 Snapdragon S3,GSM / HSPA,,,1.5GB RAM,1.5GB RAM
Windows Phone 7,Sony,False,False,False,False,Not officially announced yet,Cancelled,-,-,,,,TFT,,,,Microsoft Windows Phone 7,Removable Li-Po battery,,,,,Wi-Fi 802.11 b/g/n,Black,Accelerometer,"2.1, A2DP",,True,True,,GSM / HSPA,,,,
